simulation_time,TRadSet_degC,fcuLvlSet,V_flow_SupSet
12864060,20.594375,1,80.41
12864120,20.59291667,1,80.41
12864180,20.59145833,0,80.41
12864240,20.59,0,80.41
12864300,20.58854167,0,80.41
12864360,20.58708333,0,80.41
12864420,20.585625,0,80.41
12864480,20.58416667,0,80.41
12864540,20.58270833,0,80.41
12864600,20.58125,0,80.41
12864660,20.57979167,0,80.41
12864720,20.57833333,0,80.41
12864780,20.576875,1,80.41
12864840,20.57541667,1,80.41
12864900,20.57395833,1,80.41
12864960,20.5725,1,80.41
12865020,20.57104167,1,80.41
12865080,20.56958333,1,80.41
12865140,20.568125,1,80.41
12865200,20.56666667,1,80.41
12865260,20.56520833,1,80.41
12865320,20.56375,0,80.41
12865380,20.56229167,0,80.41
12865440,20.56083333,0,80.41
12865500,20.559375,0,80.41
12865560,20.55791667,0,80.41
12865620,20.55645833,0,80.41
12865680,20.555,0,80.41
12865740,20.55354167,0,80.41
12865800,20.55208333,0,80.41
12865860,20.550625,0,80.41
12865920,20.54916667,0,80.41
12865980,20.54770833,1,80.41
12866040,20.54625,1,80.41
12866100,20.54479167,1,80.41
12866160,20.54333333,1,80.41
12866220,20.541875,1,80.41
12866280,20.54041667,1,80.41
12866340,20.53895833,1,80.41
12866400,20.5375,1,80.41
12866460,20.53604167,0,80.41
12866520,20.53458333,0,80.41
12866580,20.533125,0,80.41
12866640,20.53166667,0,80.41
12866700,20.53020833,0,80.41
12866760,20.52875,0,80.41
12866820,20.52729167,0,80.41
12866880,20.52583333,0,80.41
12866940,20.524375,0,80.41
12867000,20.52291667,0,80.41
12867060,20.52145833,0,80.41
12867120,20.52,0,80.41
12867180,20.51854167,1,80.41
12867240,20.51708333,1,80.41
12867300,20.515625,1,80.41
12867360,20.51416667,1,80.41
12867420,20.51270833,1,80.41
12867480,20.51125,1,80.41
12867540,20.50979167,1,80.41
12867600,20.50833333,1,80.41
12867660,20.506875,0,80.41
12867720,20.50541667,0,80.41
12867780,20.50395833,0,80.41
12867840,20.5025,0,80.41
12867900,20.50104167,0,80.41
12867960,20.49958333,0,80.41
12868020,20.498125,0,80.41
12868080,20.49666667,0,80.41
12868140,20.49520833,0,80.41
12868200,20.49375,0,80.41
12868260,20.49229167,0,80.41
12868320,20.49083333,0,80.41
12868380,20.489375,0,80.41
12868440,20.48791667,1,80.41
12868500,20.48645833,1,80.41
12868560,20.485,1,80.41
12868620,20.48354167,1,80.41
12868680,20.48208333,1,80.41
12868740,20.480625,1,80.41
12868800,20.47916667,1,80.41
12868860,20.47770833,1,80.41
12868920,20.47625,0,80.41
12868980,20.47479167,0,80.41
12869040,20.47333333,0,80.41
12869100,20.471875,0,80.41
12869160,20.47041667,0,80.41
12869220,20.46895833,0,80.41
12869280,20.4675,0,80.41
12869340,20.46604167,0,80.41
12869400,20.46458333,0,80.41
12869460,20.463125,0,80.41
12869520,20.46166667,0,80.41
12869580,20.46020833,0,80.41
12869640,20.45875,0,80.41
12869700,20.45729167,0,80.41
12869760,20.45583333,1,80.41
12869820,20.454375,1,80.41
12869880,20.45291667,1,80.41
12869940,20.45145833,1,80.41
12870000,20.45,1,80.41
12870060,20.44851217,1,80.41
12870120,20.4469664,1,80.41
12870180,20.44536429,1,80.41
12870240,20.44370741,0,80.41
12870300,20.44199735,0,80.41
12870360,20.44023571,0,80.41
12870420,20.43842407,0,80.41
12870480,20.43656402,0,80.41
12870540,20.43465714,0,80.41
12870600,20.43270503,0,80.41
12870660,20.43070926,0,80.41
12870720,20.42867143,0,80.41
12870780,20.42659312,0,80.41
12870840,20.42447593,0,80.41
12870900,20.42232143,0,80.41
12870960,20.42013122,0,80.41
12871020,20.41790688,0,80.41
12871080,20.41565,1,80.41
12871140,20.41336217,1,80.41
12871200,20.41104497,1,80.41
12871260,20.4087,1,80.41
12871320,20.40632884,1,80.41
12871380,20.40393307,1,80.41
12871440,20.40151429,1,80.41
12871500,20.39907407,1,80.41
12871560,20.39661402,0,80.41
12871620,20.39413571,0,80.41
12871680,20.39164074,0,80.41
12871740,20.38913069,0,80.41
12871800,20.38660714,0,80.41
12871860,20.38407169,0,80.41
12871920,20.38152593,0,80.41
12871980,20.37897143,0,80.41
12872040,20.37640979,0,80.41
12872100,20.37384259,0,80.41
12872160,20.37127143,0,80.41
12872220,20.36869788,0,80.41
12872280,20.36612354,0,80.41
12872340,20.36355,1,80.41
12872400,20.36097884,1,80.41
12872460,20.35841164,1,80.41
12872520,20.35585,1,80.41
12872580,20.3532955,1,80.41
12872640,20.35074974,1,80.41
12872700,20.34821429,1,80.41
12872760,20.34569074,1,80.41
12872820,20.34318069,0,80.41
12872880,20.34068571,0,80.41
12872940,20.33820741,0,80.41
12873000,20.33574735,0,80.41
12873060,20.33330714,0,80.41
12873120,20.33088836,0,80.41
12873180,20.32849259,0,80.41
12873240,20.32612143,0,80.41
12873300,20.32377646,0,80.41
12873360,20.32145926,0,80.41
12873420,20.31917143,0,80.41
12873480,20.31691455,0,80.41
12873540,20.31469021,1,80.41
12873600,20.3125,1,80.41
12873660,20.31032863,1,80.41
12873720,20.30815976,1,80.41
12873780,20.30599342,1,80.41
12873840,20.30382963,1,80.41
12873900,20.30166842,1,80.41
12873960,20.29950982,1,80.41
12874020,20.29735385,0,80.41
12874080,20.29520053,0,80.41
12874140,20.29304989,0,80.41
12874200,20.29090195,0,80.41
12874260,20.28875674,0,80.41
12874320,20.28661429,0,80.41
12874380,20.28447461,0,80.41
12874440,20.28233773,0,80.41
12874500,20.28020368,0,80.41
12874560,20.27807249,0,80.41
12874620,20.27594417,0,80.41
12874680,20.27381875,0,80.41
12874740,20.27169626,1,80.41
12874800,20.26957672,1,80.41
12874860,20.26746016,1,80.41
12874920,20.26534659,1,80.41
12874980,20.26323606,1,80.41
12875040,20.26112857,1,80.41
12875100,20.25902416,1,80.41
12875160,20.25692285,1,80.41
12875220,20.25482467,0,80.41
12875280,20.25272963,0,80.41
12875340,20.25063777,0,80.41
12875400,20.24854911,0,80.41
12875460,20.24646367,0,80.41
12875520,20.24438148,0,80.41
12875580,20.24230257,0,80.41
12875640,20.24022695,0,80.41
12875700,20.23815466,0,80.41
12875760,20.23608571,0,80.41
12875820,20.23402014,0,80.41
12875880,20.23195797,0,80.41
12875940,20.22989922,1,80.41
12876000,20.22784392,1,80.41
12876060,20.22579208,1,80.41
12876120,20.22374375,1,80.41
12876180,20.22169894,1,80.41
12876240,20.21965767,1,80.41
12876300,20.21761998,1,80.41
12876360,20.21558588,1,80.41
12876420,20.2135554,0,80.41
12876480,20.21152857,0,80.41
12876540,20.20950541,0,80.41
12876600,20.20748595,0,80.41
12876660,20.2054702,0,80.41
12876720,20.2034582,0,80.41
12876780,20.20144997,0,80.41
12876840,20.19944554,0,80.41
12876900,20.19744492,0,80.41
12876960,20.19544815,0,80.41
12877020,20.19345525,0,80.41
12877080,20.19146624,0,80.41
12877140,20.18948115,1,80.41
12877200,20.1875,1,80.41
12877260,20.18552951,1,80.41
12877320,20.18357639,1,80.41
12877380,20.18164063,1,80.41
12877440,20.17972222,1,80.41
12877500,20.17782118,1,80.41
12877560,20.1759375,1,80.41
12877620,20.17407118,1,80.41
12877680,20.17222222,0,80.41
12877740,20.17039062,0,80.41
12877800,20.16857639,0,80.41
12877860,20.16677951,0,80.41
12877920,20.165,0,80.41
12877980,20.16323785,0,80.41
12878040,20.16149306,0,80.41
12878100,20.15976563,0,80.41
12878160,20.15805556,0,80.41
12878220,20.15636285,0,80.41
12878280,20.1546875,0,80.41
12878340,20.15302951,0,80.41
12878400,20.15138889,1,80.41
12878460,20.14976563,1,80.41
12878520,20.14815972,1,80.41
12878580,20.14657118,1,80.41
12878640,20.145,1,80.41
12878700,20.14344618,1,80.41
12878760,20.14190972,1,80.41
12878820,20.14039062,1,80.41
12878880,20.13888889,0,80.41
12878940,20.13740451,0,80.41
12879000,20.1359375,0,80.41
12879060,20.13448785,0,80.41
12879120,20.13305556,0,80.41
12879180,20.13164063,0,80.41
12879240,20.13024306,0,80.41
12879300,20.12886285,0,80.41
12879360,20.1275,0,80.41
12879420,20.12615451,0,80.41
12879480,20.12482639,0,80.41
12879540,20.12351562,0,80.41
12879600,20.12222222,1,80.41
12879660,20.12094618,1,80.41
12879720,20.1196875,1,80.41
12879780,20.11844618,1,80.41
12879840,20.11722222,1,80.41
12879900,20.11601563,1,80.41
12879960,20.11482639,1,80.41
12880020,20.11365451,1,80.41
12880080,20.1125,0,80.41
12880140,20.11136285,0,80.41
12880200,20.11024306,0,80.41
12880260,20.10914062,0,80.41
12880320,20.10805556,0,80.41
12880380,20.10698785,0,80.41
12880440,20.1059375,0,80.41
12880500,20.10490451,0,80.41
12880560,20.10388889,0,80.41
12880620,20.10289063,0,80.41
12880680,20.10190972,0,80.41
12880740,20.10094618,0,80.41
12880800,20.1,0,80.41
12880860,20.09907331,1,80.41
12880920,20.09816811,1,80.41
12880980,20.09728418,1,80.41
12881040,20.0964213,1,80.41
12881100,20.09557925,1,80.41
12881160,20.09475781,1,80.41
12881220,20.09395678,1,80.41
12881280,20.09317593,1,80.41
12881340,20.09241504,0,80.41
12881400,20.0916739,0,80.41
12881460,20.09095229,0,80.41
12881520,20.09025,0,80.41
12881580,20.0895668,0,80.41
12881640,20.08890249,0,80.41
12881700,20.08825684,0,80.41
12881760,20.08762963,0,80.41
12881820,20.08702065,0,80.41
12881880,20.08642969,0,80.41
12881940,20.08585652,0,80.41
12882000,20.08530093,0,80.41
12882060,20.0847627,0,80.41
12882120,20.08424161,1,80.41
12882180,20.08373745,1,80.41
12882240,20.08325,1,80.41
12882300,20.08277904,1,80.41
12882360,20.08232436,1,80.41
12882420,20.08188574,1,80.41
12882480,20.08146296,1,80.41
12882540,20.08105581,1,80.41
12882600,20.08066406,0,80.41
12882660,20.08028751,0,80.41
12882720,20.07992593,0,80.41
12882780,20.0795791,0,80.41
12882840,20.07924682,0,80.41
12882900,20.07892886,0,80.41
12882960,20.078625,0,80.41
12883020,20.07833503,0,80.41
12883080,20.07805874,0,80.41
12883140,20.0777959,0,80.41
12883200,20.0775463,0,80.41
12883260,20.07730971,0,80.41
12883320,20.07708594,0,80.41
12883380,20.07687475,0,80.41
12883440,20.07667593,1,80.41
12883500,20.07648926,1,80.41
12883560,20.07631453,1,80.41
12883620,20.07615151,1,80.41
12883680,20.076,1,80.41
12883740,20.07585977,1,80.41
12883800,20.07573061,1,80.41
12883860,20.0756123,1,80.41
12883920,20.07550463,0,80.41
12883980,20.07540737,0,80.41
12884040,20.07532031,0,80.41
12884100,20.07524324,0,80.41
12884160,20.07517593,0,80.41
12884220,20.07511816,0,80.41
12884280,20.07506973,0,80.41
12884340,20.07503042,0,80.41
12884400,20.075,0,80.41
12884460,20.07497732,0,80.41
12884520,20.07496138,0,80.41
12884580,20.07495226,0,80.41
12884640,20.07495,0,80.41
12884700,20.07495466,0,80.41
12884760,20.07496629,0,80.41
12884820,20.07498496,1,80.41
12884880,20.07501071,1,80.41
12884940,20.07504361,1,80.41
12885000,20.07508371,1,80.41
12885060,20.07513105,1,80.41
12885120,20.07518571,1,80.41
12885180,20.07524774,1,80.41
12885240,20.07531719,1,80.41
12885300,20.07539411,0,80.41
12885360,20.07547857,0,80.41
12885420,20.07557062,0,80.41
12885480,20.07567031,0,80.41
12885540,20.07577771,0,80.41
12885600,20.07589286,0,80.41
12885660,20.07601582,0,80.41
12885720,20.07614665,0,80.41
12885780,20.07628541,0,80.41
12885840,20.07643214,0,80.41
12885900,20.07658691,0,80.41
12885960,20.07674978,0,80.41
12886020,20.07692079,0,80.41
12886080,20.0771,0,80.41
12886140,20.07728747,0,80.41
12886200,20.07748326,0,80.41
12886260,20.07768742,1,80.41
12886320,20.0779,1,80.41
12886380,20.07812107,1,80.41
12886440,20.07835067,1,80.41
12886500,20.07858887,1,80.41
12886560,20.07883571,1,80.41
12886620,20.07909127,1,80.41
12886680,20.07935558,1,80.41
12886740,20.07962871,0,80.41
12886800,20.07991071,0,80.41
12886860,20.08020165,0,80.41
12886920,20.08050156,0,80.41
12886980,20.08081052,0,80.41
12887040,20.08112857,0,80.41
12887100,20.08145578,0,80.41
12887160,20.08179219,0,80.41
12887220,20.08213786,0,80.41
12887280,20.08249286,0,80.41
12887340,20.08285723,0,80.41
12887400,20.08323103,0,80.41
12887460,20.08361431,0,80.41
12887520,20.08400714,0,80.41
12887580,20.08440957,0,80.41
12887640,20.08482165,0,80.41
12887700,20.08524344,0,80.41
12887760,20.085675,0,80.41
12887820,20.08611638,0,80.41
12887880,20.08656763,1,80.41
12887940,20.08702882,1,80.41
12888000,20.0875,1,80.41
12888060,20.08799115,1,80.41
12888120,20.0885116,1,80.41
12888180,20.08906044,1,80.41
12888240,20.08963675,1,80.41
12888300,20.09023962,0,80.41
12888360,20.09086813,0,80.41
12888420,20.09152137,0,80.41
12888480,20.09219841,0,80.41
12888540,20.09289835,0,80.41
12888600,20.09362027,0,80.41
12888660,20.09436325,0,80.41
12888720,20.09512637,0,80.41
12888780,20.09590873,0,80.41
12888840,20.0967094,0,80.41
12888900,20.09752747,0,80.41
12888960,20.09836203,0,80.41
12889020,20.09921215,0,80.41
12889080,20.10007692,0,80.41
12889140,20.10095543,0,80.41
12889200,20.10184676,0,80.41
12889260,20.10275,0,80.41
12889320,20.10366422,0,80.41
12889380,20.10458852,0,80.41
12889440,20.10552198,0,80.41
12889500,20.10646368,0,80.41
12889560,20.1074127,0,80.41
12889620,20.10836813,0,80.41
12889680,20.10932906,0,80.41
12889740,20.11029457,0,80.41
12889800,20.11126374,0,80.41
12889860,20.11223565,0,80.41
12889920,20.1132094,1,80.41
12889980,20.11418407,1,80.41
12890040,20.11515873,1,80.41
12890100,20.11613248,1,80.41
12890160,20.1171044,1,80.41
12890220,20.11807357,1,80.41
12890280,20.11903907,1,80.41
12890340,20.12,0,80.41
12890400,20.12095543,0,80.41
12890460,20.12190446,0,80.41
12890520,20.12284615,0,80.41
12890580,20.12377961,0,80.41
12890640,20.12470391,0,80.41
12890700,20.12561813,0,80.41
12890760,20.12652137,0,80.41
12890820,20.1274127,0,80.41
12890880,20.12829121,0,80.41
12890940,20.12915598,0,80.41
12891000,20.13000611,0,80.41
12891060,20.13084066,0,80.41
12891120,20.13165873,0,80.41
12891180,20.1324594,0,80.41
12891240,20.13324176,0,80.41
12891300,20.13400488,0,80.41
12891360,20.13474786,0,80.41
12891420,20.13546978,0,80.41
12891480,20.13616972,0,80.41
12891540,20.13684676,0,80.41
12891600,20.1375,0,80.41
12891660,20.13814715,0,80.41
12891720,20.13880541,0,80.41
12891780,20.13947308,0,80.41
12891840,20.14014843,0,80.41
12891900,20.14082977,0,80.41
12891960,20.14151538,0,80.41
12892020,20.14220356,0,80.41
12892080,20.14289259,0,80.41
12892140,20.14358077,0,80.41
12892200,20.14426638,0,80.41
12892260,20.14494772,0,80.41
12892320,20.14562308,0,80.41
12892380,20.14629074,0,80.41
12892440,20.146949,0,80.41
12892500,20.14759615,0,80.41
12892560,20.14823048,0,80.41
12892620,20.14885028,0,80.41
12892680,20.14945385,0,80.41
12892740,20.15003946,0,80.41
12892800,20.15060541,0,80.41
12892860,20.15115,0,80.41
12892920,20.15167151,0,80.41
12892980,20.15216823,0,80.41
12893040,20.15263846,0,80.41
12893100,20.15308048,0,80.41
12893160,20.15349259,0,80.41
12893220,20.15387308,0,80.41
12893280,20.15422023,0,80.41
12893340,20.15453234,0,80.41
12893400,20.15480769,0,80.41
12893460,20.15504459,0,80.41
12893520,20.15524131,0,80.41
12893580,20.15539615,0,80.41
12893640,20.15550741,0,80.41
12893700,20.15557336,0,80.41
12893760,20.15559231,0,80.41
12893820,20.15556254,0,80.41
12893880,20.15548234,0,80.41
12893940,20.15535,0,80.41
12894000,20.15516382,0,80.41
12894060,20.15492208,0,80.41
12894120,20.15462308,0,80.41
12894180,20.1542651,0,80.41
12894240,20.15384644,0,80.41
12894300,20.15336538,0,80.41
12894360,20.15282023,0,80.41
12894420,20.15220926,1,80.41
12894480,20.15153077,1,80.41
12894540,20.15078305,1,80.41
12894600,20.14996439,1,80.41
12894660,20.14907308,1,80.41
12894720,20.14810741,1,80.41
12894780,20.14706567,1,80.41
12894840,20.14594615,0,80.41
12894900,20.14474715,0,80.41
12894960,20.14346695,0,80.41
12895020,20.14210385,0,80.41
12895080,20.14065613,0,80.41
12895140,20.13912208,0,80.41
12895200,20.1375,0,80.41
12895260,20.13582169,0,80.41
12895320,20.13412043,0,80.41
12895380,20.13239668,0,80.41
12895440,20.13065093,0,80.41
12895500,20.12888364,0,80.41
12895560,20.12709531,0,80.41
12895620,20.12528641,0,80.41
12895680,20.12345741,0,80.41
12895740,20.12160879,0,80.41
12895800,20.11974103,0,80.41
12895860,20.11785461,0,80.41
12895920,20.11595,0,80.41
12895980,20.11402768,0,80.41
12896040,20.11208814,1,80.41
12896100,20.11013184,1,80.41
12896160,20.10815926,1,80.41
12896220,20.10617088,1,80.41
12896280,20.10416719,1,80.41
12896340,20.10214865,1,80.41
12896400,20.10011574,1,80.41
12896460,20.09806895,1,80.41
12896520,20.09600874,0,80.41
12896580,20.0939356,0,80.41
12896640,20.09185,0,80.41
12896700,20.08975242,0,80.41
12896760,20.08764334,0,80.41
12896820,20.08552324,0,80.41
12896880,20.08339259,0,80.41
12896940,20.08125187,0,80.41
12897000,20.07910156,0,80.41
12897060,20.07694214,0,80.41
12897120,20.07477407,0,80.41
12897180,20.07259785,0,80.41
12897240,20.07041395,0,80.41
12897300,20.06822284,0,80.41
12897360,20.066025,1,80.41
12897420,20.06382091,1,80.41
12897480,20.06161105,1,80.41
12897540,20.0593959,1,80.41
12897600,20.05717593,1,80.41
12897660,20.05495161,1,80.41
12897720,20.05272344,1,80.41
12897780,20.05049188,1,80.41
12897840,20.04825741,0,80.41
12897900,20.04602051,0,80.41
12897960,20.04378166,0,80.41
12898020,20.04154133,0,80.41
12898080,20.0393,0,80.41
12898140,20.03705815,0,80.41
12898200,20.03481626,0,80.41
12898260,20.0325748,0,80.41
12898320,20.03033426,0,80.41
12898380,20.0280951,0,80.41
12898440,20.02585781,0,80.41
12898500,20.02362287,0,80.41
12898560,20.02139074,1,80.41
12898620,20.01916191,1,80.41
12898680,20.01693686,1,80.41
12898740,20.01471607,1,80.41
12898800,20.0125,1,80.41
12898860,20.0102826,1,80.41
12898920,20.00805764,1,80.41
12898980,20.00582539,1,80.41
12899040,20.00358611,1,80.41
12899100,20.00134006,0,80.41
12899160,20.0,0,80.41
12899220,20.0,0,80.41
12899280,20.0,0,80.41
12899340,20.0,0,80.41
12899400,20.0,0,80.41
12899460,20.0,0,80.41
12899520,20.0,0,80.41
12899580,20.0,0,80.41
12899640,20.0,0,80.41
12899700,20.0,0,80.41
12899760,20.0,1,80.41
12899820,20.0,1,80.41
12899880,20.0,1,80.41
12899940,20.0,1,80.41
12900000,20.0,1,80.41
12900060,20.0,1,80.41
12900120,20.0,1,80.41
12900180,20.0,1,80.41
12900240,20.0,1,80.41
12900300,20.0,0,80.41
12900360,20.0,0,80.41
12900420,20.0,0,80.41
12900480,20.0,0,80.41
12900540,20.0,0,80.41
12900600,20.0,0,80.41
12900660,20.0,0,80.41
12900720,20.0,0,80.41
12900780,20.0,0,80.41
12900840,20.0,0,80.41
12900900,20.0,0,80.41
12900960,20.0,1,80.41
12901020,20.0,1,80.41
12901080,20.0,1,80.41
12901140,20.0,1,80.41
12901200,20.0,1,80.41
12901260,20.0,1,80.41
12901320,20.0,1,80.41
12901380,20.0,1,80.41
12901440,20.0,1,80.41
12901500,20.0,0,80.41
12901560,20.0,0,80.41
12901620,20.0,0,80.41
12901680,20.0,0,80.41
12901740,20.0,0,80.41
12901800,20.0,0,80.41
12901860,20.0,0,80.41
12901920,20.0,0,80.41
12901980,20.0,0,80.41
12902040,20.0,0,80.41
12902100,20.0,0,80.41
12902160,20.0,1,80.41
12902220,20.0,1,80.41
12902280,20.0,1,80.41
12902340,20.0,1,80.41
12902400,20.0,1,80.41
12902460,20.0,1,80.41
12902520,20.0,1,80.41
12902580,20.0,1,80.41
12902640,20.0,1,80.41
12902700,20.0,0,80.41
12902760,20.0,0,80.41
12902820,20.0,0,80.41
12902880,20.0,0,80.41
12902940,20.0,0,80.41
12903000,20.0,0,80.41
12903060,20.0,0,80.41
12903120,20.0,0,80.41
12903180,20.0,0,80.41
12903240,20.0,0,80.41
12903300,20.0,0,80.41
12903360,20.0,1,80.41
12903420,20.0,1,80.41
12903480,20.0,1,80.41
12903540,20.0,1,80.41
12903600,20.0,1,80.41
12903660,20.0,1,80.41
12903720,20.0,1,80.41
12903780,20.0,1,80.41
12903840,20.0,1,80.41
12903900,20.0,0,80.41
12903960,20.0,0,80.41
12904020,20.0,0,80.41
12904080,20.0,0,80.41
12904140,20.0,0,80.41
12904200,20.0,0,80.41
12904260,20.0,0,80.41
12904320,20.0,0,80.41
12904380,20.0,0,80.41
12904440,20.0,0,80.41
12904500,20.0,0,80.41
12904560,20.0,1,80.41
12904620,20.0,1,80.41
12904680,20.0,1,80.41
12904740,20.0,1,80.41
12904800,20.0,1,80.41
12904860,20.0,1,80.41
12904920,20.0,1,80.41
12904980,20.0,1,80.41
12905040,20.0,1,80.41
12905100,20.0,0,80.41
12905160,20.0,0,80.41
12905220,20.0,0,80.41
12905280,20.0,0,80.41
12905340,20.0,0,80.41
12905400,20.0,0,80.41
12905460,20.0,0,80.41
12905520,20.0,0,80.41
12905580,20.0,0,80.41
12905640,20.0,0,80.41
12905700,20.0,0,80.41
12905760,20.0,1,80.41
12905820,20.0,1,80.41
12905880,20.0,1,80.41
12905940,20.0,1,80.41
12906000,20.0,1,80.41
12906060,20.0,1,80.39
12906120,20.0,1,80.34
12906180,20.0,1,80.25
12906240,20.0,1,80.14
12906300,20.0,0,80.0
12906360,20.0,0,79.84
12906420,20.0,0,79.65
12906480,20.0,0,79.44
12906540,20.0,0,79.2
12906600,20.0,0,78.95
12906660,20.0,0,78.67
12906720,20.0,0,78.38
12906780,20.0,0,78.06
12906840,20.0,0,77.73
12906900,20.0,0,77.38
12906960,20.0,0,77.02
12907020,20.0,0,76.64
12907080,20.0,0,76.24
12907140,20.0,0,75.84
12907200,20.0,0,75.41
12907260,20.0,0,74.98
12907320,20.0,0,74.53
12907380,20.0,1,74.07
12907440,20.0,1,73.61
12907500,20.0,1,73.13
12907560,20.0,1,72.63
12907620,20.0,1,72.13
12907680,20.0,1,71.62
12907740,20.0,1,71.09
12907800,20.0,0,70.56
12907860,20.0,0,70.02
12907920,20.0,0,69.47
12907980,20.0,0,68.91
12908040,20.0,0,68.34
12908100,20.0,0,67.77
12908160,20.0,0,67.18
12908220,20.0,0,66.59
12908280,20.0,0,65.99
12908340,20.0,0,65.38
12908400,20.0,0,64.77
12908460,20.0,0,64.14
12908520,20.0,0,63.51
12908580,20.0,0,62.87
12908640,20.0,0,62.23
12908700,20.0,0,61.57
12908760,20.0,0,60.91
12908820,20.0,0,60.25
12908880,20.0,0,59.57
12908940,20.0,0,58.89
12909000,20.0,0,58.2
12909060,20.0,0,57.5
12909120,20.0,0,56.79
12909180,20.0,0,56.08
12909240,20.0,0,55.36
12909300,20.0,0,54.63
12909360,20.0,0,53.89
12909420,20.0,0,53.15
12909480,20.0,0,52.39
12909540,20.0,0,51.63
12909600,16.0,0,50.87
12909660,16.0,0,50.11
12909720,16.0,0,49.37
12909780,16.0,0,48.66
12909840,16.0,0,47.96
12909900,16.0,0,47.29
12909960,16.0,0,46.65
12910020,16.0,0,46.01
12910080,16.0,0,45.4
12910140,16.0,0,44.81
12910200,16.0,0,44.23
12910260,16.0,0,43.67
12910320,16.0,0,43.13
12910380,16.0,0,42.6
12910440,16.0,0,42.08
12910500,16.0,0,41.58
12910560,16.0,0,41.09
12910620,16.0,0,40.62
12910680,16.0,0,40.15
12910740,16.0,0,39.7
12910800,16.0,0,39.26
12910860,16.0,0,38.83
12910920,16.0,0,38.41
12910980,16.0,0,38.01
12911040,16.0,0,37.61
12911100,16.0,0,37.22
12911160,16.0,0,36.84
12911220,16.0,0,36.47
12911280,16.0,0,36.1
12911340,16.0,0,35.75
12911400,16.0,0,35.4
12911460,16.0,0,35.06
12911520,16.0,0,34.73
12911580,16.0,0,34.41
12911640,16.0,0,34.09
12911700,16.0,0,33.78
12911760,16.0,0,33.48
12911820,16.0,0,33.18
12911880,16.0,0,32.89
12911940,16.0,0,32.61
12912000,16.0,0,32.33
12912060,16.0,0,32.05
12912120,16.0,0,31.78
12912180,16.0,0,31.52
12912240,16.0,0,31.26
12912300,16.0,0,31.01
12912360,16.0,0,30.76
12912420,16.0,0,30.52
12912480,16.0,0,30.28
12912540,16.0,0,30.05
12912600,16.0,0,29.82
12912660,16.0,0,29.59
12912720,16.0,0,29.37
12912780,16.0,0,29.15
12912840,16.0,0,28.94
12912900,16.0,0,28.73
12912960,16.0,0,28.52
12913020,16.0,0,28.32
12913080,16.0,0,28.12
12913140,16.0,0,27.93
12913200,16.0,0,27.73
12913260,16.0,0,27.54
12913320,16.0,0,27.36
12913380,16.0,0,27.18
12913440,16.0,0,27.0
12913500,16.0,0,26.82
12913560,16.0,0,26.65
12913620,16.0,0,26.48
12913680,16.0,0,26.31
12913740,16.0,0,26.14
12913800,16.0,0,25.98
12913860,16.0,0,25.82
12913920,16.0,0,25.66
12913980,16.0,0,25.51
12914040,16.0,0,25.36
12914100,16.0,0,25.2
12914160,16.0,0,25.06
12914220,16.0,0,24.91
12914280,16.0,0,24.77
12914340,16.0,0,24.63
12914400,16.0,0,24.49
12914460,16.0,0,24.35
12914520,16.0,0,24.21
12914580,16.0,0,24.08
12914640,16.0,0,23.95
12914700,16.0,0,23.82
12914760,16.0,0,23.69
12914820,16.0,0,23.57
12914880,16.0,0,23.44
12914940,16.0,0,23.32
12915000,16.0,0,23.2
12915060,16.0,0,23.08
12915120,16.0,0,22.96
12915180,16.0,0,22.85
12915240,16.0,0,22.73
12915300,16.0,0,22.62
12915360,16.0,0,22.51
12915420,16.0,0,22.4
12915480,16.0,0,22.29
12915540,16.0,0,22.19
12915600,16.0,0,22.08
12915660,16.0,0,21.98
12915720,16.0,0,21.87
12915780,16.0,0,21.77
12915840,16.0,0,21.67
12915900,16.0,0,21.57
12915960,16.0,0,21.48
12916020,16.0,0,21.38
12916080,16.0,0,21.29
12916140,16.0,0,21.19
12916200,16.0,0,21.1
12916260,16.0,0,21.01
12916320,16.0,0,20.92
12916380,16.0,0,20.83
12916440,16.0,0,20.74
12916500,16.0,0,20.65
12916560,16.0,0,20.57
12916620,16.0,0,20.48
12916680,16.0,0,20.4
12916740,16.0,0,20.32
12916800,16.0,0,20.23
12916860,16.0,0,20.15
12916920,16.0,0,20.07
12916980,16.0,0,19.99
12917040,16.0,0,19.92
12917100,16.0,0,19.84
12917160,16.0,0,19.76
12917220,16.0,0,19.69
12917280,16.0,0,19.61
12917340,16.0,0,19.54
12917400,16.0,0,19.46
12917460,16.0,0,19.39
12917520,16.0,0,19.32
12917580,16.0,0,19.25
12917640,16.0,0,19.18
12917700,16.0,0,19.11
12917760,16.0,0,19.04
12917820,16.0,0,18.98
12917880,16.0,0,18.91
12917940,16.0,0,18.84
12918000,16.0,0,18.78
12918060,16.0,0,18.71
12918120,16.0,0,18.65
12918180,16.0,0,18.59
12918240,16.0,0,18.52
12918300,16.0,0,18.46
12918360,16.0,0,18.4
12918420,16.0,0,18.34
12918480,16.0,0,18.28
12918540,16.0,0,18.22
12918600,16.0,0,18.16
12918660,16.0,0,18.1
12918720,16.0,0,18.05
12918780,16.0,0,17.99
12918840,16.0,0,17.93
12918900,16.0,0,17.88
12918960,16.0,0,17.82
12919020,16.0,0,17.77
12919080,16.0,0,17.71
12919140,16.0,0,17.66
12919200,16.0,0,17.61
12919260,16.0,0,17.55
12919320,16.0,0,17.5
12919380,16.0,0,17.45
12919440,16.0,0,17.4
12919500,16.0,0,17.35
12919560,16.0,0,17.3
12919620,16.0,0,17.25
12919680,16.0,0,17.2
12919740,16.0,0,17.15
12919800,16.0,0,17.1
12919860,16.0,0,17.06
12919920,16.0,0,17.01
12919980,16.0,0,16.96
12920040,16.0,0,16.92
12920100,16.0,0,16.87
12920160,16.0,0,16.83
12920220,16.0,0,16.78
12920280,16.0,0,16.74
12920340,16.0,0,16.69
12920400,16.0,0,16.65
12920460,16.0,0,16.61
12920520,16.0,0,16.56
12920580,16.0,0,16.52
12920640,16.0,0,16.48
12920700,16.0,0,16.44
12920760,16.0,0,16.4
12920820,16.0,0,16.35
12920880,16.0,0,16.31
12920940,16.0,0,16.27
12921000,16.0,0,16.23
12921060,16.0,0,16.19
12921120,16.0,0,16.16
12921180,16.0,0,16.12
12921240,16.0,0,16.08
12921300,16.0,0,16.04
12921360,16.0,0,16.0
12921420,16.0,0,15.97
12921480,16.0,0,15.93
12921540,16.0,0,15.89
12921600,16.0,0,15.86
12921660,16.0,0,15.82
12921720,16.0,0,15.78
12921780,16.0,0,15.75
12921840,16.0,0,15.71
12921900,16.0,0,15.68
12921960,16.0,0,15.64
12922020,16.0,0,15.61
12922080,16.0,0,15.58
12922140,16.0,0,15.54
12922200,16.0,0,15.51
12922260,16.0,0,15.48
12922320,16.0,0,15.44
12922380,16.0,0,15.41
12922440,16.0,0,15.38
12922500,16.0,0,15.35
12922560,16.0,0,15.31
12922620,16.0,0,15.28
12922680,16.0,0,15.25
12922740,16.0,0,15.22
12922800,16.0,0,15.19
12922860,16.0,0,15.16
12922920,16.0,0,15.13
12922980,16.0,0,15.1
12923040,16.0,0,15.07
12923100,16.0,0,15.04
12923160,16.0,0,15.01
12923220,16.0,0,14.98
12923280,16.0,0,14.95
12923340,16.0,0,14.93
12923400,16.0,0,14.9
12923460,16.0,0,14.87
12923520,16.0,0,14.84
12923580,16.0,0,14.82
12923640,16.0,0,14.79
12923700,16.0,0,14.76
12923760,16.0,0,14.73
12923820,16.0,0,14.71
12923880,16.0,0,14.68
12923940,16.0,0,14.65
12924000,16.0,0,14.63
12924060,16.0,0,14.6
12924120,16.0,0,14.58
12924180,16.0,0,14.55
12924240,16.0,0,14.53
12924300,16.0,0,14.5
12924360,16.0,0,14.48
12924420,16.0,0,14.45
12924480,16.0,0,14.43
12924540,16.0,0,14.4
12924600,16.0,0,14.38
12924660,16.0,0,14.36
12924720,16.0,0,14.33
12924780,16.0,0,14.31
12924840,16.0,0,14.29
12924900,16.0,0,14.26
12924960,16.0,0,14.24
12925020,16.0,0,14.22
12925080,16.0,0,14.19
12925140,16.0,0,14.17
12925200,16.0,0,14.15
12925260,16.0,0,14.13
12925320,16.0,0,14.11
12925380,16.0,0,14.08
12925440,16.0,0,14.06
12925500,16.0,0,14.04
12925560,16.0,0,14.02
12925620,16.0,0,14.0
12925680,16.0,0,13.98
12925740,16.0,0,13.96
12925800,16.0,0,13.94
12925860,16.0,0,13.92
12925920,16.0,0,13.9
12925980,16.0,0,13.88
12926040,16.0,0,13.86
12926100,16.0,0,13.84
12926160,16.0,0,13.82
12926220,16.0,0,13.8
12926280,16.0,0,13.78
12926340,16.0,0,13.76
12926400,16.0,0,13.74
12926460,16.0,0,13.72
12926520,16.0,0,13.7
12926580,16.0,0,13.68
12926640,16.0,0,13.66
12926700,16.0,0,13.65
12926760,16.0,0,13.63
12926820,16.0,0,13.61
12926880,16.0,0,13.59
12926940,16.0,0,13.57
12927000,16.0,0,13.56
12927060,16.0,0,13.54
12927120,16.0,0,13.52
12927180,16.0,0,13.5
12927240,16.0,0,13.49
12927300,16.0,0,13.47
12927360,16.0,0,13.45
12927420,16.0,0,13.43
12927480,16.0,0,13.42
12927540,16.0,0,13.4
12927600,16.0,0,13.38
12927660,16.0,0,13.37
12927720,16.0,0,13.35
12927780,16.0,0,13.34
12927840,16.0,0,13.32
12927900,16.0,0,13.3
12927960,16.0,0,13.29
12928020,16.0,0,13.27
12928080,16.0,0,13.26
12928140,16.0,0,13.24
12928200,16.0,0,13.23
12928260,16.0,0,13.21
12928320,16.0,0,13.19
12928380,16.0,0,13.18
12928440,16.0,0,13.16
12928500,16.0,0,13.15
12928560,16.0,0,13.14
12928620,16.0,0,13.12
12928680,16.0,0,13.11
12928740,16.0,0,13.09
12928800,16.0,0,13.08
12928860,16.0,0,13.06
12928920,16.0,0,13.05
12928980,16.0,0,13.03
12929040,16.0,0,13.02
12929100,16.0,0,13.01
12929160,16.0,0,12.99
12929220,16.0,0,12.98
12929280,16.0,0,12.97
12929340,16.0,0,12.95
12929400,16.0,0,12.94
12929460,16.0,0,12.93
12929520,16.0,0,12.91
12929580,16.0,0,12.9
12929640,16.0,0,12.89
12929700,16.0,0,12.87
12929760,16.0,0,12.86
12929820,16.0,0,12.85
12929880,16.0,0,12.83
12929940,16.0,0,12.82
12930000,16.0,0,12.81
12930060,16.0,0,12.8
12930120,16.0,0,12.78
12930180,16.0,0,12.77
12930240,16.0,0,12.76
12930300,16.0,0,12.75
12930360,16.0,0,12.74
12930420,16.0,0,12.72
12930480,16.0,0,12.71
12930540,16.0,0,12.7
12930600,16.0,0,12.69
12930660,16.0,0,12.68
12930720,16.0,0,12.67
12930780,16.0,0,12.65
12930840,16.0,0,12.64
12930900,16.0,0,12.63
12930960,16.0,0,12.62
12931020,16.0,0,12.61
12931080,16.0,0,12.6
12931140,16.0,0,12.59
12931200,16.0,0,12.58
12931260,16.0,0,12.57
12931320,16.0,0,12.55
12931380,16.0,0,12.54
12931440,16.0,0,12.53
12931500,16.0,0,12.52
12931560,16.0,0,12.51
12931620,16.0,0,12.5
12931680,16.0,0,12.49
12931740,16.0,0,12.48
12931800,16.0,0,12.47
12931860,16.0,0,12.46
12931920,16.0,0,12.45
12931980,16.0,0,12.44
12932040,16.0,0,12.43
12932100,16.0,0,12.42
12932160,16.0,0,12.41
12932220,16.0,0,12.4
12932280,16.0,0,12.39
12932340,16.0,0,12.38
12932400,16.0,0,12.37
12932460,16.0,0,12.36
12932520,16.0,0,12.35
12932580,16.0,0,12.34
12932640,16.0,0,12.33
12932700,16.0,0,12.32
12932760,16.0,0,12.31
12932820,16.0,0,12.31
12932880,16.0,0,12.3
12932940,16.0,0,12.29
12933000,16.0,0,12.28
12933060,16.0,0,12.27
12933120,16.0,0,12.26
12933180,16.0,0,12.25
12933240,16.0,0,12.24
12933300,16.0,0,12.23
12933360,16.0,0,12.23
12933420,16.0,0,12.22
12933480,16.0,0,12.21
12933540,16.0,0,12.2
12933600,16.0,0,12.19
12933660,16.0,0,12.18
12933720,16.0,0,12.17
12933780,16.0,0,12.17
12933840,16.0,0,12.16
12933900,16.0,0,12.15
12933960,16.0,0,12.14
12934020,16.0,0,12.13
12934080,16.0,0,12.12
12934140,16.0,0,12.12
12934200,16.0,0,12.11
12934260,16.0,0,12.1
12934320,16.0,0,12.09
12934380,16.0,0,12.09
12934440,16.0,0,12.08
12934500,16.0,0,12.07
12934560,16.0,0,12.06
12934620,16.0,0,12.05
12934680,16.0,0,12.05
12934740,16.0,0,12.04
12934800,16.0,0,12.03
12934860,21.28598859,0,12.06
12934920,21.28446366,0,12.1
12934980,21.28292528,0,12.17
12935040,21.2813735,0,12.28
12935100,21.27980838,0,12.42
12935160,21.27823,0,12.6
12935220,21.27663841,0,12.8
12935280,21.27503366,0,13.04
12935340,21.27341583,0,13.31
12935400,21.27178498,0,13.61
12935460,21.27014116,0,13.94
12935520,21.26848444,0,14.3
12935580,21.26681489,0,14.69
12935640,21.26513255,0,15.11
12935700,21.2634375,0,15.56
12935760,21.26172979,0,16.04
12935820,21.2600095,0,16.55
12935880,21.25827667,0,17.09
12935940,21.25653137,0,17.66
12936000,21.25477366,0,18.26
12936060,21.25300361,0,18.88
12936120,21.25122128,0,19.53
12936180,21.24942672,0,20.21
12936240,21.24762,0,20.91
12936300,21.24580118,0,21.63
12936360,21.24397033,0,22.39
12936420,21.2421275,0,23.16
12936480,21.24027276,0,23.96
12936540,21.23840616,0,24.78
12936600,21.23652778,0,25.62
12936660,21.23463766,0,26.49
12936720,21.23273588,0,27.37
12936780,21.2308225,0,28.27
12936840,21.22889757,0,29.2
12936900,21.22696116,0,30.14
12936960,21.22501333,0,31.09
12937020,21.22305415,0,32.07
12937080,21.22108366,0,33.06
12937140,21.21910194,0,34.06
12937200,21.21710905,0,35.08
12937260,21.21510505,0,36.11
12937320,21.21309,0,37.15
12937380,21.21106396,0,38.2
12937440,21.209027,0,39.26
12937500,21.20697917,0,40.33
12937560,21.20492053,0,41.4
12937620,21.20285116,0,42.48
12937680,21.20077111,0,43.57
12937740,21.19868044,0,44.66
12937800,21.19657922,0,45.75
12937860,21.1944675,0,46.85
12937920,21.19234535,0,47.95
12937980,21.19021283,0,49.05
12938040,21.18807,0,50.15
12938100,21.18591692,0,51.24
12938160,21.18375366,0,52.34
12938220,21.18158028,0,53.43
12938280,21.17939683,0,54.52
12938340,21.17720338,0,55.61
12938400,21.175,0,56.69
12938460,21.17278436,0,57.75
12938520,21.17055451,0,58.77
12938580,21.16831104,0,59.75
12938640,21.16605457,0,60.7
12938700,21.16378569,0,61.61
12938760,21.161505,0,62.48
12938820,21.15921311,0,63.32
12938880,21.15691062,0,64.12
12938940,21.15459813,0,64.89
12939000,21.15227623,0,65.63
12939060,21.14994555,0,66.34
12939120,21.14760667,0,67.02
12939180,21.14526019,0,67.67
12939240,21.14290673,0,68.28
12939300,21.14054688,0,68.88
12939360,21.13818123,0,69.44
12939420,21.13581041,0,69.98
12939480,21.133435,0,70.49
12939540,21.13105561,0,70.99
12939600,21.12867284,0,71.45
12939660,21.12628729,0,71.9
12939720,21.12389957,0,72.33
12939780,21.12151027,0,72.73
12939840,21.11912,0,73.12
12939900,21.11672936,0,73.49
12939960,21.11433895,0,73.84
12940020,21.11194937,0,74.17
12940080,21.10956123,0,74.49
12940140,21.10717513,0,74.79
12940200,21.10479167,0,75.07
12940260,21.10241144,0,75.35
12940320,21.10003506,0,75.61
12940380,21.09766312,0,75.85
12940440,21.09529623,0,76.09
12940500,21.09293499,0,76.31
12940560,21.09058,0,76.52
12940620,21.08823186,0,76.72
12940680,21.08589117,0,76.91
12940740,21.08355854,0,77.09
12940800,21.08123457,0,77.26
12940860,21.07891985,0,77.43
12940920,21.076615,0,77.58
12940980,21.07432061,0,77.73
12941040,21.07203728,0,77.87
12941100,21.06976563,0,78.0
12941160,21.06750623,0,78.13
12941220,21.06525971,0,78.25
12941280,21.06302667,0,78.36
12941340,21.06080769,0,78.47
12941400,21.0586034,0,78.57
12941460,21.05641438,0,78.66
12941520,21.05424123,0,78.75
12941580,21.05208458,0,78.84
12941640,21.049945,0,78.92
12941700,21.04782311,0,79.0
12941760,21.04571951,0,79.08
12941820,21.04363479,0,79.15
12941880,21.04156957,0,79.21
12941940,21.03952444,0,79.27
12942000,21.0375,0,79.33
12942060,21.03548729,0,79.39
12942120,21.03347701,0,79.44
12942180,21.03146927,0,79.49
12942240,21.0294642,0,79.54
12942300,21.0274619,0,79.59
12942360,21.0254625,0,79.63
12942420,21.02346611,0,79.67
12942480,21.02147284,0,79.71
12942540,21.01948281,0,79.75
12942600,21.01749614,0,79.78
12942660,21.01551294,0,79.81
12942720,21.01353333,0,79.85
12942780,21.01155743,0,79.88
12942840,21.00958534,0,79.9
12942900,21.00761719,0,79.93
12942960,21.00565309,0,79.95
12943020,21.00369315,0,79.98
12943080,21.0017375,0,80.0
12943140,20.99978625,0,80.02
12943200,20.99783951,0,80.04
12943260,20.9958974,0,80.06
12943320,20.99396003,0,80.08
12943380,20.99202753,0,80.1
12943440,20.9901,0,80.11
12943500,20.98817757,0,80.13
12943560,20.98626034,0,80.14
12943620,20.98434844,0,80.16
12943680,20.98244198,0,80.17
12943740,20.98054107,0,80.18
12943800,20.97864583,0,80.19
12943860,20.97675639,0,80.21
12943920,20.97487284,0,80.22
12943980,20.97299531,0,80.23
12944040,20.97112392,0,80.24
12944100,20.96925878,0,80.25
12944160,20.9674,0,80.25
12944220,20.9655477,0,80.26
12944280,20.96370201,0,80.27
12944340,20.96186302,0,80.28
12944400,20.96003086,0,80.28
12944460,20.95820565,0,80.29
12944520,20.9563875,0,80.3
12944580,20.95457652,0,80.3
12944640,20.95277284,0,80.31
12944700,20.95097656,0,80.31
12944760,20.94918781,0,80.32
12944820,20.94740669,0,80.32
12944880,20.94563333,0,80.33
12944940,20.94386784,0,80.33
12945000,20.94211034,0,80.34
12945060,20.94036094,0,80.34
12945120,20.93861975,0,80.34
12945180,20.9368869,0,80.35
12945240,20.9351625,0,80.35
12945300,20.93344666,0,80.35
12945360,20.93173951,0,80.36
12945420,20.93004115,0,80.36
12945480,20.9283517,0,80.36
12945540,20.92667128,0,80.36
12945600,20.925,0,80.37
12945660,20.92333333,0,80.37
12945720,20.92166667,0,80.37
12945780,20.92,0,80.37
12945840,20.91833333,0,80.38
12945900,20.91666667,0,80.38
12945960,20.915,0,80.38
12946020,20.91333333,0,80.38
12946080,20.91166667,0,80.38
12946140,20.91,0,80.38
12946200,20.90833333,0,80.38
12946260,20.90666667,0,80.39
12946320,20.905,0,80.39
12946380,20.90333333,0,80.39
12946440,20.90166667,0,80.39
12946500,20.9,0,80.39
12946560,20.89833333,0,80.39
12946620,20.89666667,0,80.39
12946680,20.895,0,80.39
12946740,20.89333333,0,80.39
12946800,20.89166667,0,80.4
12946860,20.89,0,80.4
12946920,20.88833333,0,80.4
12946980,20.88666667,0,80.4
12947040,20.885,0,80.4
12947100,20.88333333,0,80.4
12947160,20.88166667,0,80.4
12947220,20.88,0,80.4
12947280,20.87833333,0,80.4
12947340,20.87666667,0,80.4
12947400,20.875,0,80.4
12947460,20.87333333,0,80.4
12947520,20.87166667,0,80.4
12947580,20.87,0,80.4
12947640,20.86833333,0,80.4
12947700,20.86666667,0,80.4
12947760,20.865,0,80.4
12947820,20.86333333,0,80.4
12947880,20.86166667,0,80.4
12947940,20.86,0,80.4
12948000,20.85833333,0,80.41
12948060,20.85666667,0,80.41
12948120,20.855,0,80.41
12948180,20.85333333,0,80.41
12948240,20.85166667,0,80.41
12948300,20.85,0,80.41
12948360,20.84833333,0,80.41
12948420,20.84666667,0,80.41
12948480,20.845,0,80.41
12948540,20.84333333,0,80.41
12948600,20.84166667,0,80.41
12948660,20.84,0,80.41
12948720,20.83833333,0,80.41
12948780,20.83666667,0,80.41
12948840,20.835,0,80.41
12948900,20.83333333,0,80.41
12948960,20.83166667,0,80.41
12949020,20.83,0,80.41
12949080,20.82833333,0,80.41
12949140,20.82666667,0,80.41
12949200,20.825,0,80.41
12949260,20.82333675,0,80.41
12949320,20.82168009,0,80.41
12949380,20.82002969,0,80.41
12949440,20.81838519,0,80.41
12949500,20.81674624,0,80.41
12949560,20.8151125,0,80.41
12949620,20.81348362,0,80.41
12949680,20.81185926,0,80.41
12949740,20.81023906,0,80.41
12949800,20.80862269,0,80.41
12949860,20.80700978,0,80.41
12949920,20.8054,0,80.41
12949980,20.803793,0,80.41
12950040,20.80218843,0,80.41
12950100,20.80058594,0,80.41
12950160,20.79898519,0,80.41
12950220,20.79738582,0,80.41
12950280,20.7957875,0,80.41
12950340,20.79418987,0,80.41
12950400,20.79259259,0,80.41
12950460,20.79099531,0,80.41
