simulation_time,TRm_degC,TAmb_degC,senPir,conCo2Rm
12864060,22.73407606,18.3775,1,880.2570792
12864120,22.64065125,18.37166667,1,880.2573149
12864180,22.56735086,18.36583333,1,880.2575438
12864240,23.06142612,18.36,1,880.2577681
12864300,23.44119019,18.35416667,1,880.2579857
12864360,23.73874331,18.34833333,1,880.2581974
12864420,23.9687705,18.3425,1,880.2584028
12864480,24.14842745,18.33666667,1,880.2586023
12864540,24.28836915,18.33083333,1,880.2587959
12864600,24.39782347,18.325,1,880.2589837
12864660,24.48904878,18.31916667,1,880.2591675
12864720,24.55631688,18.31333333,1,880.2593447
12864780,24.61293178,18.3075,1,880.2595183
12864840,24.17847754,18.30166667,1,880.2596851
12864900,23.76521549,18.29583333,1,880.2598489
12864960,23.42553354,18.29,1,880.260008
12865020,23.15745674,18.28416667,1,880.2601626
12865080,22.94964638,18.27833333,1,880.2603127
12865140,22.78977203,18.2725,1,880.2604583
12865200,22.66663035,18.26666667,1,880.2605996
12865260,22.57089269,18.26083333,1,880.2607369
12865320,22.49580317,18.255,1,880.2608702
12865380,22.98603375,18.24916667,1,880.2610007
12865440,23.36672982,18.24333333,1,880.2611276
12865500,23.66089648,18.2375,1,880.2612508
12865560,23.88991933,18.23166667,1,880.2613705
12865620,24.06732301,18.22583333,1,880.2614867
12865680,24.20458711,18.22,1,880.2615993
12865740,24.31229608,18.21416667,1,880.2617087
12865800,24.40205615,18.20833333,1,880.2618156
12865860,24.46811108,18.2025,1,880.2619188
12865920,24.52370901,18.19666667,1,880.2620198
12865980,24.56436102,18.19083333,1,880.2621172
12866040,24.12173543,18.185,1,880.2622114
12866100,23.7024813,18.17916667,1,880.2623041
12866160,23.35835362,18.17333333,1,880.2623942
12866220,23.08679368,18.1675,1,880.2624817
12866280,22.87626247,18.16166667,1,880.2625666
12866340,22.71427882,18.15583333,1,880.262649
12866400,22.58951546,18.15,1,880.262729
12866460,22.49267833,18.14416667,1,880.2628067
12866520,22.9654561,18.13833333,1,880.2628827
12866580,23.32958122,18.1325,1,880.2629565
12866640,23.61470567,18.12666667,1,880.2630282
12866700,23.83691597,18.12083333,1,880.2630979
12866760,24.00949777,18.115,1,880.2631655
12866820,24.14348456,18.10916667,1,880.2632311
12866880,24.2484723,18.10333333,1,880.2632948
12866940,24.33648236,18.0975,1,880.263357
12867000,24.40151924,18.09166667,1,880.2634171
12867060,24.45666393,18.08583333,1,880.2634759
12867120,24.49730873,18.08,1,880.2635325
12867180,24.53212658,18.07416667,1,880.2635881
12867240,24.08318572,18.06833333,1,880.2636414
12867300,23.65934953,18.0625,1,880.2636939
12867360,23.31224876,18.05666667,1,880.2637448
12867420,23.0393287,18.05083333,1,880.2637943
12867480,22.82838577,18.045,1,880.2638424
12867540,22.66652056,18.03916667,1,880.263889
12867600,22.54212751,18.03333333,1,880.2639342
12867660,22.44572377,18.0275,1,880.2639782
12867720,22.91722645,18.02166667,1,880.2640212
12867780,23.28397413,18.01583333,1,880.264063
12867840,23.56514024,18.01,1,880.2641035
12867900,23.78413839,18.00416667,1,880.2641429
12867960,23.95660137,17.99833333,1,880.2641812
12868020,24.09063221,17.9925,1,880.2642183
12868080,24.19548282,17.98666667,1,880.2642543
12868140,24.28337547,17.98083333,1,880.2642895
12868200,24.34834597,17.975,1,880.2643235
12868260,24.40334141,17.96916667,1,880.2643568
12868320,24.44393714,17.96333333,1,880.2643889
12868380,24.47878432,17.9575,1,880.2644203
12868440,24.50468788,17.95166667,1,880.2644507
12868500,24.05085177,17.94583333,1,880.2644799
12868560,23.62380016,17.94,1,880.2645088
12868620,23.27447972,17.93416667,1,880.2645368
12868680,22.99962948,17.92833333,1,880.264564
12868740,22.78712682,17.9225,1,880.2645905
12868800,22.62404908,17.91666667,1,880.2646161
12868860,22.49869348,17.91083333,1,880.264641
12868920,22.40153195,17.905,1,880.2646652
12868980,22.87097002,17.89916667,1,880.2646888
12869040,23.23650565,17.89333333,1,880.2647118
12869100,23.516999,17.8875,1,880.2647341
12869160,23.73556431,17.88166667,1,880.2647558
12869220,23.90647553,17.87583333,1,880.2647768
12869280,24.03971123,17.87,1,880.2647973
12869340,24.14379025,17.86416667,1,880.2648171
12869400,24.23095971,17.85833333,1,880.2648364
12869460,24.29550702,17.8525,1,880.2648551
12869520,24.34995305,17.84666667,1,880.2648734
12869580,24.39016469,17.84083333,1,880.2648911
12869640,24.42444652,17.835,1,880.2649084
12869700,24.44974434,17.82916667,1,880.264925
12869760,24.47146641,17.82333333,1,880.2649413
12869820,24.01377323,17.8175,1,880.264957
12869880,23.58370541,17.81166667,1,880.2649724
12869940,23.23172098,17.80583333,1,880.2649874
12870000,22.95549506,17.8,1,880.2650019
12870060,22.74220359,17.79404868,1,880.2650161
12870120,22.57877941,17.78786561,1,880.2650298
12870180,22.45335184,17.78145714,1,880.2650431
12870240,22.35645612,17.77482963,1,880.265056
12870300,22.82469088,17.76798942,1,880.2650686
12870360,23.18853381,17.76094286,1,880.2650809
12870420,23.46995565,17.7536963,1,880.2650929
12870480,23.68840354,17.74625608,1,880.2651044
12870540,23.85944794,17.73862857,1,880.2651157
12870600,23.99290023,17.73082011,1,880.2651266
12870660,24.0974275,17.72283704,1,880.2651372
12870720,24.18515089,17.71468571,1,880.2651475
12870780,24.25008439,17.70637249,1,880.2651575
12870840,24.30531541,17.6979037,1,880.2651673
12870900,24.3462675,17.68928571,1,880.2651767
12870960,24.38145055,17.68052487,1,880.265186
12871020,24.40765733,17.67162751,1,880.2651949
12871080,24.43046379,17.6626,1,880.2652036
12871140,23.9750519,17.65344868,1,880.265212
12871200,23.54625305,17.64417989,1,880.2652202
12871260,23.19589222,17.6348,1,880.2652282
12871320,22.92133644,17.62531534,1,880.265236
12871380,22.70943438,17.61573228,1,880.2652436
12871440,22.547079,17.60605714,1,880.2652509
12871500,22.42308671,17.5962963,1,880.265258
12871560,22.32654386,17.58645608,1,880.2652649
12871620,22.79412468,17.57654286,1,880.2652717
12871680,23.15899174,17.56656296,1,880.2652782
12871740,23.43816201,17.55652275,1,880.2652846
12871800,23.65624587,17.54642857,1,880.2652908
12871860,23.82710423,17.53628677,1,880.2652968
12871920,23.96003626,17.5261037,1,880.2653026
12871980,24.06448598,17.51588571,1,880.2653083
12872040,24.15223038,17.50563915,1,880.2653138
12872100,24.21720723,17.49537037,1,880.2653192
12872160,24.2724396,17.48508571,1,880.2653244
12872220,24.31338924,17.47479153,1,880.2653294
12872280,24.34857041,17.46449418,1,880.2653344
12872340,24.37481483,17.4542,1,880.2653391
12872400,23.92521189,17.44391534,1,880.2653437
12872460,23.50189333,17.43364656,1,880.2653483
12872520,23.15578447,17.4234,1,880.2653527
12872580,22.88378981,17.41318201,1,880.2653569
12872640,22.67375761,17.40299894,1,880.2653611
12872700,22.51379425,17.39285714,1,880.2653651
12872760,22.39003555,17.38276296,1,880.265369
12872820,22.29431321,17.37272275,1,880.2653728
12872880,22.76121733,17.36274286,1,880.2653766
12872940,23.12528588,17.35282963,1,880.2653802
12873000,23.40462086,17.34298942,1,880.2653837
12873060,23.62268072,17.33322857,1,880.2653871
12873120,23.79346455,17.32355344,1,880.2653904
12873180,23.92650117,17.31397037,1,880.2653936
12873240,24.03094613,17.30448571,1,880.2653967
12873300,24.11870084,17.29510582,1,880.2653998
12873360,24.18372164,17.28583704,1,880.2654027
12873420,24.23899658,17.27668571,1,880.2654056
12873480,24.27996591,17.2676582,1,880.2654083
12873540,24.31522034,17.25876085,1,880.2654111
12873600,23.87217639,17.25,1,880.2654137
12873660,23.45359384,17.2413145,1,880.2654162
12873720,23.11134438,17.23263902,1,880.2654187
12873780,22.8427545,17.22397366,1,880.2654211
12873840,22.63539129,17.21531852,1,880.2654235
12873900,22.47660591,17.20667369,1,880.2654258
12873960,22.35468782,17.19803929,1,880.265428
12874020,22.2603958,17.18941539,1,880.2654301
12874080,22.72711422,17.18080212,1,880.2654322
12874140,23.09141064,17.17219955,1,880.2654343
12874200,23.37215806,17.1636078,1,880.2654363
12874260,23.59170785,17.15502697,1,880.2654382
12874320,23.76203783,17.14645714,1,880.2654401
12874380,23.89450924,17.13789843,1,880.2654419
12874440,23.99876377,17.12935093,1,880.2654436
12874500,24.08637682,17.12081473,1,880.2654454
12874560,24.15130185,17.11228995,1,880.265447
12874620,24.20654171,17.10377667,1,880.2654486
12874680,24.25023671,17.095275,1,880.2654502
12874740,24.28276931,17.08678504,1,880.2654518
12874800,23.84060181,17.07830688,1,880.2654532
12874860,23.42320925,17.06984062,1,880.2654547
12874920,23.0813763,17.06138638,1,880.2654561
12874980,22.81334209,17.05294423,1,880.2654575
12875040,22.60798717,17.04451429,1,880.2654588
12875100,22.44904167,17.03609664,1,880.2654601
12875160,22.32710018,17.0276914,1,880.2654613
12875220,22.23281743,17.01929866,1,880.2654626
12875280,22.69913347,17.01091852,1,880.2654637
12875340,23.06121324,17.00255107,1,880.2654649
12875400,23.33956453,16.99419643,1,880.265466
12875460,23.55763446,16.98585468,1,880.2654671
12875520,23.728505,16.97752593,1,880.2654682
12875580,23.86180277,16.96921027,1,880.2654692
12875640,23.96635496,16.9609078,1,880.2654702
12875700,24.05423569,16.95261863,1,880.2654712
12875760,24.11941319,16.94434286,1,880.2654721
12875820,24.17483136,16.93608057,1,880.265473
12875880,24.21595839,16.92783188,1,880.2654739
12875940,24.25135919,16.91959688,1,880.2654748
12876000,23.81028657,16.91137566,1,880.2654756
12876060,23.39396437,16.90316834,1,880.2654764
12876120,23.0530797,16.894975,1,880.2654772
12876180,22.785402,16.88679575,1,880.265478
12876240,22.57899746,16.87863069,1,880.2654788
12876300,22.42061189,16.87047991,1,880.2654795
12876360,22.29912021,16.86234352,1,880.2654802
12876420,22.20518722,16.85422161,1,880.2654809
12876480,22.67087758,16.84611429,1,880.2654816
12876540,23.03321152,16.83802164,1,880.2654822
12876600,23.31115117,16.82994378,1,880.2654829
12876660,23.53050904,16.8218808,1,880.2654835
12876720,23.6993395,16.8138328,1,880.2654841
12876780,23.83224307,16.80579988,1,880.2654847
12876840,23.93664833,16.79778214,1,880.2654852
12876900,24.02442226,16.78977968,1,880.2654858
12876960,24.08952257,16.78179259,1,880.2654863
12877020,24.14489223,16.77382098,1,880.2654868
12877080,24.18603953,16.76586495,1,880.2654873
12877140,24.2214139,16.75792459,1,880.2654878
12877200,23.78140112,16.75,1,880.2654883
12877260,23.36647631,16.74211806,1,880.2654888
12877320,23.02653612,16.73430556,1,880.2654892
12877380,22.76035814,16.7265625,1,880.2654896
12877440,22.55317814,16.71888889,1,880.2654901
12877500,22.3942159,16.71128472,1,880.2654905
12877560,22.27219431,16.70375,1,880.2654909
12877620,22.17775656,16.69628472,1,880.2654913
12877680,22.10415147,16.68888889,1,880.2654917
12877740,22.58279273,16.6815625,1,880.265492
12877800,22.95423619,16.67430556,1,880.2654924
12877860,23.24348554,16.66711806,1,880.2654927
12877920,23.46644848,16.66,1,880.2654931
12877980,23.64076954,16.65295139,1,880.2654934
12878040,23.77648245,16.64597222,1,880.2654937
12878100,23.88329412,16.6390625,1,880.265494
12878160,23.97282268,16.63222222,1,880.2654943
12878220,24.03916804,16.62545139,1,880.2654946
12878280,24.09543349,16.61875,1,880.2654949
12878340,24.13710203,16.61211806,1,880.2654952
12878400,24.17285308,16.60555556,1,880.2654955
12878460,23.73378773,16.5990625,1,880.2654957
12878520,23.31979819,16.59263889,1,880.265496
12878580,22.98084039,16.58628472,1,880.2654962
12878640,22.71590038,16.58,1,880.2654965
12878700,22.50944003,16.57378472,1,880.2654967
12878760,22.35106808,16.56763889,1,880.2654969
12878820,22.22951421,16.5615625,1,880.2654972
12878880,22.13544782,16.55555556,1,880.2654974
12878940,22.59863356,16.54961806,1,880.2654976
12879000,22.95812209,16.54375,1,880.2654978
12879060,23.23661253,16.53795139,1,880.265498
12879120,23.45238656,16.53222222,1,880.2654982
12879180,23.62140768,16.5265625,1,880.2654984
12879240,23.7529138,16.52097222,1,880.2654985
12879300,23.85623258,16.51545139,1,880.2654987
12879360,23.94337282,16.51,1,880.2654989
12879420,24.00778827,16.50461806,1,880.2654991
12879480,24.06223941,16.49930556,1,880.2654992
12879540,24.10280695,16.4940625,1,880.2654994
12879600,24.13735233,16.48888889,1,880.2654995
12879660,23.69889963,16.48378472,1,880.2654997
12879720,23.28449217,16.47875,1,880.2654998
12879780,22.94397644,16.47378472,1,880.2655
12879840,22.67768033,16.46888889,1,880.2655001
12879900,22.47197739,16.4640625,1,880.2655002
12879960,22.31431253,16.45930556,1,880.2655004
12880020,22.1932754,16.45461806,1,880.2655005
12880080,22.0995821,16.45,1,880.2655006
12880140,22.56177879,16.44545139,1,880.2655007
12880200,22.91784917,16.44097222,1,880.2655008
12880260,23.19668629,16.4365625,1,880.2655009
12880320,23.41431254,16.43222222,1,880.2655011
12880380,23.58117687,16.42795139,1,880.2655012
12880440,23.71274448,16.42375,1,880.2655013
12880500,23.81604649,16.41961806,1,880.2655014
12880560,23.89781832,16.41555556,1,880.2655015
12880620,23.9673851,16.4115625,1,880.2655016
12880680,24.01862174,16.40763889,1,880.2655016
12880740,24.06231846,16.40378472,1,880.2655017
12880800,24.09468443,16.4,1,880.2655018
12880860,24.12265843,16.39629326,1,880.2655019
12880920,23.67903601,16.39267245,1,880.265502
12880980,23.2618505,16.38913672,1,880.2655021
12881040,22.92167141,16.38568519,1,880.2655021
12881100,22.65369676,16.38231698,1,880.2655022
12881160,22.4464056,16.37903125,1,880.2655023
12881220,22.28760338,16.37582711,1,880.2655024
12881280,22.16579993,16.3727037,1,880.2655024
12881340,22.0716445,16.36966016,1,880.2655025
12881400,22.53267697,16.3666956,1,880.2655026
12881460,22.88750906,16.36380917,1,880.2655026
12881520,23.16379127,16.361,1,880.2655027
12881580,23.38009908,16.35826722,1,880.2655027
12881640,23.54946978,16.35560995,1,880.2655028
12881700,23.68136606,16.35302734,1,880.2655029
12881760,23.78495287,16.35051852,1,880.2655029
12881820,23.86706974,16.34808261,1,880.265503
12881880,23.9367689,16.34571875,1,880.265503
12881940,23.99175536,16.34342607,1,880.2655031
12882000,24.03249828,16.3412037,1,880.2655031
12882060,24.06766759,16.33905078,1,880.2655032
12882120,24.09392421,16.33696644,1,880.2655032
12882180,23.65143322,16.3349498,1,880.2655033
12882240,23.23498664,16.333,1,880.2655033
12882300,22.89616902,16.33111617,1,880.2655033
12882360,22.62885382,16.32929745,1,880.2655034
12882420,22.42203667,16.32754297,1,880.2655034
12882480,22.26360279,16.32585185,1,880.2655035
12882540,22.14209018,16.32422323,1,880.2655035
12882600,22.04816836,16.32265625,1,880.2655035
12882660,22.50866167,16.32115003,1,880.2655036
12882720,22.863332,16.3197037,1,880.2655036
12882780,23.1387726,16.31831641,1,880.2655036
12882840,23.35490848,16.31698727,1,880.2655037
12882900,23.52413064,16.31571542,1,880.2655037
12882960,23.65589861,16.3145,1,880.2655037
12883020,23.75940525,16.31334013,1,880.2655038
12883080,23.84146994,16.31223495,1,880.2655038
12883140,23.91114159,16.31118359,1,880.2655038
12883200,23.96268672,16.31018519,1,880.2655039
12883260,24.0071439,16.30923886,1,880.2655039
12883320,24.04008435,16.30834375,1,880.2655039
12883380,24.06856396,16.30749899,1,880.2655039
12883440,24.08995211,16.3067037,1,880.265504
12883500,23.64350461,16.30595703,1,880.265504
12883560,23.22456194,16.3052581,1,880.265504
12883620,22.88439276,16.30460605,1,880.265504
12883680,22.615174,16.304,1,880.265504
12883740,22.40685325,16.30343909,1,880.2655041
12883800,22.24725393,16.30292245,1,880.2655041
12883860,22.12484285,16.30244922,1,880.2655041
12883920,22.0302404,16.30201852,1,880.2655041
12883980,22.48955996,16.30162948,1,880.2655041
12884040,22.843075,16.30128125,1,880.2655042
12884100,23.11852751,16.30097295,1,880.2655042
12884160,23.3340337,16.3007037,1,880.2655042
12884220,23.50280406,16.30047266,1,880.2655042
12884280,23.63421665,16.30027894,1,880.2655042
12884340,23.73739901,16.30012167,1,880.2655043
12884400,23.81920447,16.3,1,880.2655043
12884460,23.88867629,16.29990926,1,880.2655043
12884520,23.94006585,16.29984554,1,880.2655043
12884580,23.98439365,16.29980904,1,880.2655043
12884640,24.0172775,16.2998,1,880.2655043
12884700,24.04566914,16.29981864,1,880.2655043
12884760,24.06700136,16.29986518,1,880.2655044
12884820,24.08559403,16.29993984,1,880.2655044
12884880,23.63568399,16.30004286,1,880.2655044
12884940,23.21417259,16.30017444,1,880.2655044
12885000,22.87219319,16.30033482,1,880.2655044
12885060,22.60152164,16.30052422,1,880.2655044
12885120,22.39210994,16.30074286,1,880.2655044
12885180,22.23168203,16.30099096,1,880.2655044
12885240,22.10861965,16.30126875,1,880.2655044
12885300,22.01351453,16.30157645,1,880.2655045
12885360,22.47192864,16.30191429,1,880.2655045
12885420,22.82518386,16.30228248,1,880.2655045
12885480,23.0998933,16.30268125,1,880.2655045
12885540,23.31488616,16.30311083,1,880.2655045
12885600,23.4832086,16.30357143,1,880.2655045
12885660,23.61429473,16.30406328,1,880.2655045
12885720,23.71715955,16.30458661,1,880.2655045
12885780,23.79870478,16.30514163,1,880.2655045
12885840,23.86796768,16.30572857,1,880.2655045
12885900,23.91918805,16.30634766,1,880.2655045
12885960,23.96318422,16.30699911,1,880.2655046
12886020,23.99812208,16.30768315,1,880.2655046
12886080,24.02424284,16.3084,1,880.2655046
12886140,24.04693688,16.30914989,1,880.2655046
12886200,24.06405009,16.30993304,1,880.2655046
12886260,24.07907877,16.31074967,1,880.2655046
12886320,23.62661812,16.3116,1,880.2655046
12886380,23.20299922,16.31248426,1,880.2655046
12886440,22.85938088,16.31340268,1,880.2655046
12886500,22.58767547,16.31435547,1,880.2655046
12886560,22.37752241,16.31534286,1,880.2655046
12886620,22.21654212,16.31636507,1,880.2655046
12886680,22.09303728,16.31742232,1,880.2655046
12886740,21.99758632,16.31851484,1,880.2655046
12886800,22.45514901,16.31964286,1,880.2655046
12886860,22.80728538,16.32080658,1,880.2655046
12886920,23.08193402,16.32200625,1,880.2655046
12886980,23.29662276,16.32324208,1,880.2655046
12887040,23.46463365,16.32451429,1,880.2655047
12887100,23.59545671,16.3258231,1,880.2655047
12887160,23.69817013,16.32716875,1,880.2655047
12887220,23.77949918,16.32855145,1,880.2655047
12887280,23.84858489,16.32997143,1,880.2655047
12887340,23.90308167,16.33142891,1,880.2655047
12887400,23.94342101,16.33292411,1,880.2655047
12887460,23.97827767,16.33445725,1,880.2655047
12887520,24.00606836,16.33602857,1,880.2655047
12887580,24.02833037,16.33763828,1,880.2655047
12887640,24.04512301,16.33928661,1,880.2655047
12887700,24.0598823,16.34097377,1,880.2655047
12887760,24.07195585,16.3427,1,880.2655047
12887820,24.08122849,16.34446551,1,880.2655047
12887880,24.08903879,16.34627054,1,880.2655047
12887940,23.63151968,16.34811529,1,880.2655047
12888000,23.20330154,16.35,1,880.2655047
12888060,22.85616324,16.35196459,1,880.2655047
12888120,22.58220723,16.3540464,1,880.2655047
12888180,22.37039109,16.35624176,1,880.2655047
12888240,22.20814809,16.35854701,1,880.2655047
12888300,22.08362737,16.36095849,1,880.2655047
12888360,22.52067077,16.36347253,1,880.2655047
12888420,22.86154109,16.36608547,1,880.2655047
12888480,23.12305312,16.36879365,1,880.2655047
12888540,23.32860194,16.37159341,1,880.2655047
12888600,23.48831336,16.37448107,1,880.2655047
12888660,23.61235,16.37745299,1,880.2655047
12888720,23.70955832,16.38050549,1,880.2655047
12888780,23.79156483,16.38363492,1,880.2655047
12888840,23.85204513,16.38683761,1,880.2655047
12888900,23.90379786,16.39010989,1,880.2655047
12888960,23.94200719,16.39344811,1,880.2655047
12889020,23.9750899,16.3968486,1,880.2655047
12889080,24.00144685,16.40030769,1,880.2655047
12889140,24.02125357,16.40382173,1,880.2655048
12889200,24.03851545,16.40738706,1,880.2655048
12889260,24.05160873,16.411,1,880.2655048
12889320,24.06319055,16.4146569,1,880.2655048
12889380,24.07209379,16.41835409,1,880.2655048
12889440,24.08012652,16.42208791,1,880.2655048
12889500,24.0864246,16.4258547,1,880.2655048
12889560,24.09183427,16.42965079,1,880.2655048
12889620,24.09652579,16.43347253,1,880.2655048
12889680,24.10083653,16.43731624,1,880.2655048
12889740,24.10443454,16.44117827,1,880.2655048
12889800,24.10777794,16.44505495,1,880.2655048
12889860,24.1106606,16.44894261,1,880.2655048
12889920,24.11328968,16.45283761,1,880.2655048
12889980,23.65072543,16.45673626,1,880.2655048
12890040,23.21880593,16.46063492,1,880.2655048
12890100,22.86779858,16.46452991,1,880.2655048
12890160,22.59160953,16.46841758,1,880.2655048
12890220,22.3780592,16.47229426,1,880.2655048
12890280,22.21441824,16.47615629,1,880.2655048
12890340,22.08871907,16.48,1,880.2655048
12890400,22.52500866,16.48382173,1,880.2655048
12890460,22.86044533,16.48761783,1,880.2655048
12890520,23.12229887,16.49138462,1,880.2655048
12890580,23.32657197,16.49511844,1,880.2655048
12890640,23.48565397,16.49881563,1,880.2655048
12890700,23.61018322,16.50247253,1,880.2655048
12890760,23.70761716,16.50608547,1,880.2655048
12890820,23.78477838,16.50965079,1,880.2655048
12890880,23.85035274,16.51316484,1,880.2655048
12890940,23.89863028,16.51662393,1,880.2655048
12891000,23.94012675,16.52002442,1,880.2655048
12891060,23.97298408,16.52336264,1,880.2655048
12891120,23.99740487,16.52663492,1,880.2655048
12891180,24.01861736,16.52983761,1,880.2655048
12891240,24.03450073,16.53296703,1,880.2655048
12891300,24.04851957,16.53601954,1,880.2655048
12891360,24.05908843,16.53899145,1,880.2655048
12891420,24.06853224,16.54187912,1,880.2655048
12891480,24.0757913,16.54467888,1,880.2655048
12891540,24.08194066,16.54738706,1,880.2655048
12891600,24.08753164,16.55,1,880.2655048
12891660,24.09199914,16.5525886,1,880.2655048
12891720,24.09589328,16.55522165,1,880.2655048
12891780,24.09932125,16.55789231,1,880.2655048
12891840,24.10236903,16.56059373,1,880.2655048
12891900,24.10510543,16.56331909,1,880.2655048
12891960,24.10758568,16.56606154,1,880.2655048
12892020,24.10985411,16.56881425,1,880.2655048
12892080,24.11194635,16.57157037,1,880.2655048
12892140,24.11389104,16.57432308,1,880.2655048
12892200,24.1157113,16.57706553,1,880.2655048
12892260,24.11742578,16.57979088,1,880.2655048
12892320,24.11904957,16.58249231,1,880.2655048
12892380,24.1205949,16.58516296,1,880.2655048
12892440,24.12207171,16.58779601,1,880.2655048
12892500,24.12348809,16.59038462,1,880.2655048
12892560,24.12485084,16.59292194,1,880.2655048
12892620,24.12616558,16.59540114,1,880.2655048
12892680,24.12743682,16.59781538,1,880.2655048
12892740,24.12866831,16.60015783,1,880.2655048
12892800,24.12986021,16.60242165,1,880.2655048
12892860,24.13101858,16.6046,1,880.2655048
12892920,24.13214559,16.60668604,1,880.2655048
12892980,24.13324305,16.60867293,1,880.2655048
12893040,24.13431252,16.61055385,1,880.2655048
12893100,24.13535534,16.61232194,1,880.2655048
12893160,24.13637269,16.61397037,1,880.2655048
12893220,24.1373656,16.61549231,1,880.2655048
12893280,24.13833498,16.61688091,1,880.2655048
12893340,24.13928163,16.61812934,1,880.2655048
12893400,24.14020628,16.61923077,1,880.2655048
12893460,24.14110956,16.62017835,1,880.2655048
12893520,24.14199206,16.62096524,1,880.2655048
12893580,24.1428543,16.62158462,1,880.2655048
12893640,24.14369675,16.62202963,1,880.2655048
12893700,24.14451997,16.62229345,1,880.2655048
12893760,24.14532435,16.62236923,1,880.2655048
12893820,24.14611026,16.62225014,1,880.2655048
12893880,24.14687803,16.62192934,1,880.2655048
12893940,24.14762797,16.6214,1,880.2655048
12894000,24.14836208,16.62065527,1,880.2655048
12894060,24.14907874,16.61968832,1,880.2655048
12894120,24.1497782,16.61849231,1,880.2655048
12894180,24.15046069,16.6170604,1,880.2655048
12894240,24.15112642,16.61538575,1,880.2655048
12894300,24.15178201,16.61346154,1,880.2655048
12894360,24.15241426,16.61128091,1,880.2655048
12894420,24.15303656,16.60883704,1,880.2655048
12894480,23.68777352,16.60612308,1,880.2655048
12894540,23.25332255,16.60313219,1,880.2655048
12894600,22.89875416,16.59985755,1,880.2655048
12894660,22.62104179,16.59629231,1,880.2655048
12894720,22.40637147,16.59242963,1,880.2655048
12894780,22.2416933,16.58826268,1,880.2655048
12894840,22.11500203,16.58378462,1,880.2655048
12894900,22.55110521,16.5789886,1,880.2655048
12894960,22.89094747,16.57386781,1,880.2655048
12895020,23.15104151,16.56841538,1,880.2655048
12895080,23.35372883,16.5626245,1,880.2655048
12895140,23.51145059,16.55648832,1,880.2655048
12895200,23.63468766,16.55,1,880.2655048
12895260,23.73128304,16.54328678,1,880.2655048
12895320,23.81301324,16.53648171,1,880.2655048
12895380,23.87360391,16.52958672,1,880.2655048
12895440,23.92566836,16.5226037,1,880.2655048
12895500,23.96447827,16.51553458,1,880.2655048
12895560,23.99828284,16.50838125,1,880.2655048
12895620,24.02552604,16.50114563,1,880.2655048
12895680,24.04642381,16.49382963,1,880.2655048
12895740,24.06482737,16.48643516,1,880.2655048
12895800,24.07923228,16.47896412,1,880.2655048
12895860,24.09215585,16.47141843,1,880.2655048
12895920,24.10253627,16.4638,1,880.2655048
12895980,24.11205149,16.45611073,1,880.2655048
12896040,24.11996457,16.44835255,1,880.2655048
12896100,23.66215928,16.44052734,1,880.2655048
12896160,23.23432638,16.43263704,1,880.2655048
12896220,22.88700934,16.42468354,1,880.2655048
12896280,22.61394503,16.41666875,1,880.2655048
12896340,22.40319526,16.40859459,1,880.2655048
12896400,22.24215141,16.40046296,1,880.2655048
12896460,22.11894002,16.39227578,1,880.2655048
12896520,22.02408671,16.38403495,1,880.2655048
12896580,22.48334607,16.37574239,1,880.2655048
12896640,22.83716692,16.3674,1,880.2655048
12896700,23.11295955,16.35900969,1,880.2655048
12896760,23.32946837,16.35057338,1,880.2655048
12896820,23.49930165,16.34209297,1,880.2655048
12896880,23.63160983,16.33357037,1,880.2655048
12896940,23.73617261,16.32500749,1,880.2655048
12897000,23.82451414,16.31640625,1,880.2655048
12897060,23.89045627,16.30776855,1,880.2655048
12897120,23.9469519,16.2990963,1,880.2655048
12897180,23.9923445,16.29039141,1,880.2655048
12897240,24.02686794,16.28165579,1,880.2655048
12897300,24.05658258,16.27289135,1,880.2655048
12897360,24.07948833,16.2641,1,880.2655048
12897420,23.6349382,16.25528365,1,880.2655048
12897480,23.21740302,16.24644421,1,880.2655048
12897540,22.87890542,16.23758359,1,880.2655048
12897600,22.61197102,16.2287037,1,880.2655048
12897660,22.40599172,16.21980645,1,880.2655048
12897720,22.24871015,16.21089375,1,880.2655048
12897780,22.12857186,16.20196751,1,880.2655048
12897840,22.03620252,16.19302963,1,880.2655048
12897900,22.49793971,16.18408203,1,880.2655048
12897960,22.85386499,16.17512662,1,880.2655048
12898020,23.13241042,16.16616531,1,880.2655048
12898080,23.35017631,16.1572,1,880.2655048
12898140,23.52121098,16.14823261,1,880.2655048
12898200,23.65501276,16.13926505,1,880.2655048
12898260,23.76065529,16.13029922,1,880.2655048
12898320,23.84496837,16.12133704,1,880.2655048
12898380,23.91693574,16.11238041,1,880.2655048
12898440,23.97087947,16.10343125,1,880.2655048
12898500,24.01758183,16.09449146,1,880.2655048
12898560,24.05523615,16.08556296,1,880.2655048
12898620,23.62138971,16.07664766,1,880.2655048
12898680,23.21203627,16.06774745,1,880.2655048
12898740,22.8794777,16.05886427,1,880.2655048
12898800,22.61729412,16.05,1,880.2655048
12898860,22.41491085,16.04113038,1,880.2655048
12898920,22.26014978,16.03223056,1,880.2655048
12898980,22.14177727,16.02330156,1,880.2655048
12899040,22.05057514,16.01434444,1,880.2655048
12899100,21.97989318,16.00536024,1,880.2655048
12899160,22.4572024,15.99635,1,880.2655048
12899220,22.82924141,15.98731476,1,880.2655048
12899280,23.12094597,15.97825556,1,880.2655048
12899340,23.34485543,15.96917344,1,880.2655048
12899400,23.52350767,15.96006944,1,880.2655048
12899460,23.66664194,15.95094462,1,880.2655048
12899520,23.77940359,15.9418,1,880.2655048
12899580,23.86819986,15.93263663,1,880.2655048
12899640,23.93820989,15.92345556,1,880.2655048
12899700,23.99358465,15.91425781,1,880.2655048
12899760,24.03831793,15.90504444,1,880.2655048
12899820,23.60855547,15.89581649,1,880.2655048
12899880,23.20109523,15.886575,1,880.2655048
12899940,22.86771519,15.87732101,1,880.2655048
12900000,22.60284706,15.86805556,1,880.2655048
12900060,22.39704658,15.85877969,1,880.2655048
12900120,22.23973934,15.84949444,1,880.2655048
12900180,22.12029434,15.84020087,1,880.2655048
12900240,22.02943007,15.8309,1,880.2655048
12900300,21.95986455,15.82159288,1,880.2655048
12900360,22.44099158,15.81228056,1,880.2655048
12900420,22.81679269,15.80296406,1,880.2655048
12900480,23.11044967,15.79364444,1,880.2655048
12900540,23.34040226,15.78432274,1,880.2655048
12900600,23.52079467,15.775,1,880.2655048
12900660,23.66277436,15.76567726,1,880.2655048
12900720,23.77517002,15.75635556,1,880.2655048
12900780,23.86405623,15.74703594,1,880.2655048
12900840,23.93433535,15.73771944,1,880.2655048
12900900,23.99021797,15.72840712,1,880.2655048
12900960,24.03489313,15.7191,1,880.2655048
12901020,23.60625066,15.70979913,1,880.2655048
12901080,23.20005815,15.70050556,1,880.2655048
12901140,22.86742844,15.69122031,1,880.2655048
12901200,22.60321993,15.68194444,1,880.2655048
12901260,22.3981248,15.67267899,1,880.2655048
12901320,22.24131956,15.663425,1,880.2655048
12901380,22.12190852,15.65418351,1,880.2655048
12901440,22.03073539,15.64495556,1,880.2655048
12901500,21.96097266,15.63574219,1,880.2655048
12901560,22.44214465,15.62654444,1,880.2655048
12901620,22.81803324,15.61736337,1,880.2655048
12901680,23.11236657,15.6082,1,880.2655048
12901740,23.34299213,15.59905538,1,880.2655048
12901800,23.52318107,15.58993056,1,880.2655048
12901860,23.66478848,15.58082656,1,880.2655048
12901920,23.77637122,15.57174444,1,880.2655048
12901980,23.86457726,15.56268524,1,880.2655048
12902040,23.93458361,15.55365,1,880.2655048
12902100,23.99039205,15.54463976,1,880.2655048
12902160,24.03284052,15.53565556,1,880.2655048
12902220,23.60531858,15.52669844,1,880.2655048
12902280,23.20092881,15.51776944,1,880.2655048
12902340,22.86840311,15.50886962,1,880.2655048
12902400,22.60471974,15.5,1,880.2655048
12902460,22.40341908,15.49122848,1,880.2655048
12902520,22.24518525,15.48262194,1,880.2655048
12902580,22.12319052,15.47417992,1,880.2655048
12902640,22.03007506,15.46590196,1,880.2655048
12902700,21.95998747,15.45778761,1,880.2655048
12902760,22.44148727,15.4498364,1,880.2655048
12902820,22.81733927,15.44204787,1,880.2655048
12902880,23.11094559,15.43442157,1,880.2655048
12902940,23.34084181,15.42695703,1,880.2655048
12903000,23.51564149,15.4196538,1,880.2655048
12903060,23.65307661,15.41251141,1,880.2655048
12903120,23.76681978,15.40552941,1,880.2655048
12903180,23.85715605,15.39870734,1,880.2655048
12903240,23.92976385,15.39204473,1,880.2655048
12903300,23.98714135,15.38554113,1,880.2655048
12903360,24.03249841,15.37919608,1,880.2655048
12903420,23.60386636,15.37300911,1,880.2655048
12903480,23.19724887,15.36697978,1,880.2655048
12903540,22.86286901,15.36110761,1,880.2655048
12903600,22.59807578,15.35539216,1,880.2655048
12903660,22.39317062,15.34983295,1,880.2655048
12903720,22.23659737,15.34442953,1,880.2655048
12903780,22.11721168,15.33918145,1,880.2655048
12903840,22.02581306,15.33408824,1,880.2655048
12903900,21.95551822,15.32914943,1,880.2655048
12903960,22.43606758,15.32436458,1,880.2655048
12904020,22.81135363,15.31973323,1,880.2655048
12904080,23.10510084,15.3152549,1,880.2655048
12904140,23.33574525,15.31092915,1,880.2655048
12904200,23.51576066,15.30675551,1,880.2655048
12904260,23.65143695,15.30273353,1,880.2655048
12904320,23.76023134,15.29886275,1,880.2655048
12904380,23.84949377,15.29514269,1,880.2655048
12904440,23.92050987,15.29157292,1,880.2655048
12904500,23.97687155,15.28815296,1,880.2655048
12904560,24.02239584,15.28488235,1,880.2655048
12904620,23.59435575,15.28176065,1,880.2655048
12904680,23.18931019,15.27878738,1,880.2655048
12904740,22.85579622,15.27596209,1,880.2655048
12904800,22.59168244,15.27328431,1,880.2655048
12904860,22.38722425,15.2707536,1,880.2655048
12904920,22.23079476,15.26836949,1,880.2655048
12904980,22.11159167,15.26613151,1,880.2655048
12905040,22.02070664,15.26403922,1,880.2655048
12905100,21.95090567,15.26209214,1,880.2655048
12905160,22.43095986,15.26028983,1,880.2655048
12905220,22.80403331,15.25863182,1,880.2655048
12905280,23.09783227,15.25711765,1,880.2655048
12905340,23.32838843,15.25574686,1,880.2655048
12905400,23.50831507,15.254519,1,880.2655048
12905460,23.64797158,15.25343359,1,880.2655048
12905520,23.75399493,15.2524902,1,880.2655048
12905580,23.84273496,15.25168834,1,880.2655048
12905640,23.914111,15.25102757,1,880.2655048
12905700,23.97148649,15.25050743,1,880.2655048
12905760,24.01747074,15.25012745,1,880.2655048
12905820,23.58936869,15.24988718,1,880.2655048
12905880,23.18441888,15.24978615,1,880.2655048
12905940,22.8507464,15.24982391,1,880.2655048
12906000,22.58613813,15.25,1,880.2655048
12906060,22.38542418,15.2503799,1,880.1330565
12906120,22.22876989,15.25102941,1,879.7840002
12906180,22.10822575,15.25194853,1,879.2132406
12906240,22.01221048,15.25313725,1,878.4559984
12906300,21.93596317,15.25459559,1,877.5132171
12906360,22.40731366,15.25632353,1,876.4228488
12906420,22.76924078,15.25832108,1,875.1522758
12906480,23.05299157,15.26058824,1,873.7242448
12906540,23.26931831,15.263125,1,872.1274768
12906600,23.44291705,15.26593137,1,870.4046963
12906660,23.57767151,15.26900735,1,868.5438444
12906720,23.68203729,15.27235294,1,866.5517783
12906780,23.7627274,15.27596814,1,864.4335762
12906840,23.82497509,15.27985294,1,862.196202
12906900,23.87270867,15.28400735,1,859.8428463
12906960,23.90925889,15.28843137,1,857.3811399
12907020,23.93712352,15.293125,1,854.8172113
12907080,23.95804218,15.29808824,1,852.1530236
12907140,23.97358926,15.30332108,1,849.3954046
12907200,23.98486483,15.30882353,1,846.5453524
12907260,23.99281592,15.31459559,1,843.6087804
12907320,23.99815226,15.32063725,1,840.5883329
12907380,24.00142773,15.32694853,1,837.4876461
12907440,23.54028514,15.33352941,1,834.3506031
12907500,23.10718305,15.3403799,1,831.0962194
12907560,22.74999631,15.3475,1,827.771363
12907620,22.46606067,15.35488971,1,824.3768193
12907680,22.24340548,15.36254902,1,820.9149552
12907740,22.06969821,15.37047794,1,817.3874166
12907800,21.93413195,15.37867647,1,813.7968209
12907860,22.361906,15.38714461,1,810.1457741
12907920,22.6953307,15.39588235,1,806.4318856
12907980,22.95480831,15.40488971,1,802.6559797
12908040,23.15664387,15.41416667,1,798.8214682
12908100,23.31451597,15.42371324,1,794.9325767
12908160,23.43711969,15.43352941,1,790.9879041
12908220,23.53244765,15.4436152,1,786.9893748
12908280,23.60631052,15.45397059,1,782.9378677
12908340,23.66328108,15.46459559,1,778.8328906
12908400,23.70713196,15.4754902,1,774.6762032
12908460,23.74068668,15.48665441,1,770.467646
12908520,23.76616031,15.49808824,1,766.2083641
12908580,23.7852785,15.50979167,1,761.8983888
12908640,23.79939372,15.52176471,1,757.5380363
12908700,23.8095624,15.53400735,1,753.1270318
12908760,23.81661923,15.54651961,1,748.6661638
12908820,23.82121463,15.55930147,1,744.1551929
12908880,23.82385583,15.57235294,1,739.593529
12908940,23.82494902,15.58567402,1,734.9817096
12909000,23.82480964,15.59926471,1,730.3193082
12909060,23.82368621,15.613125,1,725.6061577
12909120,23.82177623,15.6272549,1,720.8421479
12909180,23.81923553,15.64165441,1,716.0271175
12909240,23.81618316,15.65632353,1,711.1602825
12909300,23.81271502,15.67126225,1,706.2412059
12909360,23.80890867,15.68647059,1,701.2695066
12909420,23.80482568,15.70194853,1,696.2447536
12909480,23.80051108,15.71769608,1,691.1659382
12909540,23.79600647,15.73371324,1,686.0328732
12909600,23.79134756,15.75,0,680.8453136
12909660,23.78742264,15.7664299,0,675.7130202
12909720,23.7848839,15.78287712,0,670.7427728
12909780,23.78343514,15.79934265,0,665.9283654
12909840,23.78283402,15.81582745,0,661.2630211
12909900,23.78289337,15.83233252,0,656.7408002
12909960,23.78346117,15.84885882,0,652.3554186
12910020,23.78441318,15.86540735,0,648.1005627
12910080,23.78566112,15.88197908,0,643.9712574
12910140,23.78713052,15.898575,0,639.9620705
12910200,23.78876001,15.91519608,0,636.0677474
12910260,23.79050621,15.9318433,0,632.2837239
12910320,23.79233338,15.94851765,0,628.6054491
12910380,23.79421111,15.9652201,0,625.0284311
12910440,23.7961187,15.98195163,0,621.5486901
12910500,23.7980419,15.99871324,0,618.1625704
12910560,23.79996613,16.01550588,0,614.8662732
12910620,23.80188119,16.03233056,0,611.65632
12910680,23.8037777,16.04918824,0,608.529214
12910740,23.80565268,16.0660799,0,605.4821065
12910800,23.80750209,16.08300654,0,602.5113821
12910860,23.80932199,16.09996912,0,599.6147712
12910920,23.81110874,16.11696863,0,596.79001
12910980,23.81286112,16.13400605,0,594.0340203
12911040,23.81457595,16.15108235,0,591.3440996
12911100,23.81625447,16.16819853,0,588.7180897
12911160,23.81789909,16.18535556,0,586.153466
12911220,23.81950863,16.20255441,0,583.6488579
12911280,23.82108272,16.21979608,0,581.2014468
12911340,23.82262516,16.23708154,0,578.8099099
12911400,23.82413272,16.25441176,0,576.4724414
12911460,23.82560688,16.27178775,0,574.1867471
12911520,23.82704984,16.28921046,0,571.951513
12911580,23.82846014,16.30668088,0,569.7650092
12911640,23.82983718,16.3242,0,567.6255839
12911700,23.83118362,16.34176879,0,565.5318679
12911760,23.83249865,16.35938824,0,563.4828933
12911820,23.83378485,16.37705931,0,561.4762127
12911880,23.83504318,16.39478301,0,559.5111601
12911940,23.83627407,16.41256029,0,557.5864427
12912000,23.83747607,16.43039216,0,555.7007248
12912060,23.83865116,16.44827958,0,553.8529183
12912120,23.83980316,16.46622353,0,552.0420763
12912180,23.84093219,16.484225,0,550.2671028
12912240,23.84203457,16.50228497,0,548.5272345
12912300,23.84311287,16.52040441,0,546.8210774
12912360,23.84416924,16.53858431,0,545.1472474
12912420,23.84520215,16.55682565,0,543.5057227
12912480,23.84621319,16.57512941,0,541.8946902
12912540,23.84720332,16.59349657,0,540.3138489
12912600,23.84817156,16.6119281,0,538.762245
12912660,23.84911894,16.630425,0,537.2391225
12912720,23.85004739,16.64898824,0,535.7441828
12912780,23.8509574,16.66761879,0,534.2758478
12912840,23.85185091,16.68631765,0,532.8339785
12912900,23.85272651,16.70508578,0,531.417741
12912960,23.85358516,16.72392418,0,530.0264897
12913020,23.85442951,16.74283382,0,528.6597205
12913080,23.85525871,16.76181569,0,527.3167669
12913140,23.8560732,16.78087075,0,525.997047
12913200,23.85687382,16.8,0,524.6999717
12913260,23.85772409,16.81916667,0,523.4250701
12913320,23.85867549,16.83833333,0,522.1717886
12913380,23.85970009,16.8575,0,520.9396481
12913440,23.86078489,16.87666667,0,519.7278557
12913500,23.86190844,16.89583333,0,518.538951
12913560,23.86306692,16.915,0,517.3666432
12913620,23.86425781,16.93416667,0,516.2135834
12913680,23.86545792,16.95333333,0,515.0819046
12913740,23.86667491,16.9725,0,513.9655615
12913800,23.86791008,16.99166667,0,512.8672544
12913860,23.86913939,17.01083333,0,511.7890157
12913920,23.87037616,17.03,0,510.7249572
12913980,23.87162152,17.04916667,0,509.6776801
12914040,23.87285141,17.06833333,0,508.6491421
12914100,23.87408361,17.0875,0,507.6337417
12914160,23.87532196,17.10666667,0,506.6340893
12914220,23.87654211,17.12583333,0,505.6519656
12914280,23.87776389,17.145,0,504.6821838
12914340,23.87898663,17.16416667,0,503.7270118
12914400,23.88018903,17.18333333,0,502.7882586
12914460,23.88139233,17.2025,0,501.8610427
12914520,23.88259667,17.22166667,0,500.9475788
12914580,23.88378498,17.24083333,0,500.0496229
12914640,23.88497231,17.26,0,499.1624668
12914700,23.8861579,17.27916667,0,498.2881538
12914760,23.88732573,17.29833333,0,497.4282979
12914820,23.88849345,17.3175,0,496.578649
12914880,23.88965903,17.33666667,0,495.7410407
12914940,23.89080808,17.35583333,0,494.9170738
12915000,23.89195644,17.375,0,494.1026679
12915060,23.89310303,17.39416667,0,493.2996497
12915120,23.89424164,17.41333333,0,492.5077693
12915180,23.89537663,17.4325,0,491.7267263
12915240,23.89650243,17.45166667,0,490.9563375
12915300,23.89762412,17.47083333,0,490.1963442
12915360,23.89873897,17.49,0,489.4466499
12915420,23.89984798,17.50916667,0,488.7068946
12915480,23.90094996,17.52833333,0,487.9770322
12915540,23.90204831,17.5475,0,487.256785
12915600,23.90313794,17.56666667,0,486.5460054
12915660,23.90422355,17.58583333,0,485.8444578
12915720,23.90530271,17.605,0,485.1520763
12915780,23.90637945,17.62416667,0,484.4686266
12915840,23.90745132,17.64333333,0,483.7940557
12915900,23.90851877,17.6625,0,483.1280399
12915960,23.90958068,17.68166667,0,482.4705686
12916020,23.91063673,17.70083333,0,481.8212917
12916080,23.91168652,17.72,0,481.1802294
12916140,23.91273261,17.73916667,0,480.5471059
12916200,23.91376899,17.75833333,0,479.9230839
12916260,23.91480387,17.7775,0,479.3055112
12916320,23.91583756,17.79666667,0,478.6956613
12916380,23.91686692,17.81583333,0,478.0932072
12916440,23.91789176,17.835,0,477.4981604
12916500,23.91891441,17.85416667,0,476.9103034
12916560,23.91993349,17.87333333,0,476.3296318
12916620,23.92094803,17.8925,0,475.7558498
12916680,23.92195822,17.91166667,0,475.1889938
12916740,23.92296545,17.93083333,0,474.628825
12916800,23.92396608,17.95,0,474.0752989
12916860,23.92496626,17.96916667,0,473.5282871
12916920,23.92595676,17.98833333,0,472.9890016
12916980,23.92694744,18.0075,0,472.4546492
12917040,23.92793926,18.02666667,0,471.9266053
12917100,23.92892388,18.04583333,0,471.404643
12917160,23.92990525,18.065,0,470.8886014
12917220,23.9308787,18.08416667,0,470.3796902
12917280,23.93185119,18.10333333,0,469.8753213
12917340,23.93282496,18.1225,0,469.3768101
12917400,23.93379547,18.14166667,0,468.8838721
12917460,23.93476417,18.16083333,0,468.3965755
12917520,23.93573101,18.18,0,467.9147084
12917580,23.93669329,18.19916667,0,467.4382595
12917640,23.93765248,18.21833333,0,466.9670301
12917700,23.93860184,18.2375,0,466.502198
12917760,23.93955293,18.25666667,0,466.0412568
12917820,23.94050547,18.27583333,0,465.5854944
12917880,23.94145226,18.295,0,465.1346579
12917940,23.94239656,18.31416667,0,464.6887206
12918000,23.94334057,18.33333333,0,464.2476012
12918060,23.94428032,18.3525,0,463.8112721
12918120,23.94521876,18.37166667,0,463.3796463
12918180,23.94615445,18.39083333,0,462.9525864
12918240,23.94708587,18.41,0,462.5300217
12918300,23.94801128,18.42916667,0,462.1130172
12918360,23.94893812,18.44833333,0,461.6993555
12918420,23.94986478,18.4675,0,461.2901262
12918480,23.9507837,18.48666667,0,460.8860777
12918540,23.95170321,18.50583333,0,460.485253
12918600,23.95262362,18.525,0,460.0886901
12918660,23.95354229,18.54416667,0,459.6962469
12918720,23.95445526,18.56333333,0,459.3087237
12918780,23.9553661,18.5825,0,458.9242082
12918840,23.95627741,18.60166667,0,458.5437101
12918900,23.95718868,18.62083333,0,458.1671295
12918960,23.95809211,18.64,0,457.7951616
12919020,23.95899651,18.65916667,0,457.4260818
12919080,23.95989659,18.67833333,0,457.0616052
12919140,23.96079816,18.6975,0,456.6999178
12919200,23.96169621,18.71666667,0,456.3427253
12919260,23.96259269,18.73583333,0,455.9881959
12919320,23.96349225,18.755,0,455.6373081
12919380,23.96438674,18.77416667,0,455.2906607
12919440,23.96528016,18.79333333,0,454.9466018
12919500,23.96617378,18.8125,0,454.6060022
12919560,23.96706196,18.83166667,0,454.2694439
12919620,23.96794971,18.85083333,0,453.9353919
12919680,23.96883521,18.87,0,453.6053622
12919740,23.96972075,18.88916667,0,453.2777767
12919800,23.97060468,18.90833333,0,452.9541214
12919860,23.97148899,18.9275,0,452.6328552
12919920,23.97236659,18.94666667,0,452.3156048
12919980,23.97324571,18.96583333,0,452.0004222
12920040,23.97412757,18.985,0,451.6883482
12920100,23.97500131,19.00416667,0,451.3800778
12920160,23.97587701,19.02333333,0,451.0738073
12920220,23.97674786,19.0425,0,450.7713222
12920280,23.97762105,19.06166667,0,450.4707886
12920340,23.97849006,19.08083333,0,450.173955
12920400,23.97936171,19.1,0,449.87903
12920460,23.98022956,19.11912647,0,449.5877236
12920520,23.98109663,19.1381734,0,449.2982355
12920580,23.98196584,19.15714205,0,449.0115238
12920640,23.98282846,19.17603367,0,448.7282623
12920700,23.9836902,19.19484954,0,448.4467442
12920760,23.98454625,19.21359091,0,448.168581
12920820,23.98540138,19.23225905,0,447.8921738
12920880,23.98625877,19.25085522,0,447.6183906
12920940,23.98711003,19.26938068,0,447.3478711
12921000,23.98796068,19.2878367,0,447.0790025
12921060,23.98880626,19.30622454,0,446.8133119
12921120,23.98965123,19.32454545,0,446.549286
12921180,23.99048591,19.34280072,0,446.2885265
12921240,23.99132133,19.36099158,0,446.0291594
12921300,23.99215284,19.37911932,0,445.7728193
12921360,23.99298441,19.39718519,0,445.5180761
12921420,23.99381244,19.41519045,0,445.2663065
12921480,23.99463402,19.43313636,0,445.0165999
12921540,23.99545546,19.4510242,0,444.768545
12921600,23.99627357,19.46885522,0,444.5233715
12921660,23.99708546,19.48663068,0,444.2801942
12921720,23.9978974,19.50435185,0,444.0386172
12921780,23.99870645,19.52201999,0,443.799833
12921840,23.99950963,19.53963636,0,443.5629842
12921900,24.00031313,19.55720223,0,443.3276874
12921960,24.00110883,19.57471886,0,443.0952362
12922020,24.00190613,19.5921875,0,442.863999
12922080,24.00269599,19.60960943,0,442.6355373
12922140,24.00348151,19.6269859,0,442.4087287
12922200,24.00426811,19.64431818,0,442.1833831
12922260,24.00504841,19.66160753,0,441.9607379
12922320,24.005825,19.67885522,0,441.7396866
12922380,24.00660312,19.6960625,0,441.5200544
12922440,24.00737582,19.71323064,0,441.303042
12922500,24.00814528,19.7303609,0,441.0875768
12922560,24.00891117,19.74745455,0,440.8738981
12922620,24.00967921,19.76451284,0,440.6615993
12922680,24.0104429,19.78153704,0,440.4518175
12922740,24.01120394,19.79852841,0,440.243523
12922800,24.01196207,19.81548822,0,440.0369464
12922860,24.01271753,19.83241772,0,439.8320871
12922920,24.01347055,19.84931818,0,439.6289263
12922980,24.01422135,19.86619087,0,439.4274467
12923040,24.01497011,19.88303704,0,439.2276319
12923100,24.01571704,19.89985795,0,439.0294657
12923160,24.01646232,19.91665488,0,438.8329321
12923220,24.0172061,19.93342908,0,438.6380156
12923280,24.01794854,19.95018182,0,438.4447009
12923340,24.01868979,19.96691435,0,438.2529729
12923400,24.01942517,19.98362795,0,438.0629204
12923460,24.02015992,20.00032386,0,437.8742595
12923520,24.02089417,20.01700337,0,437.6871387
12923580,24.02162805,20.03366772,0,437.5015429
12923640,24.02235695,20.05031818,0,437.317558
12923700,24.02308588,20.06695602,0,437.134912
12923760,24.02381502,20.08358249,0,436.9537485
12923820,24.02454445,20.10019886,0,436.7740535
12923880,24.02526958,20.1168064,0,436.5959101
12923940,24.02599524,20.13340636,0,436.4190569
12924000,24.02672164,20.15,0,436.2436327
12924060,24.02744383,20.16651241,0,436.0697168
12924120,24.02816605,20.18286853,0,435.8970556
12924180,24.02888304,20.19906941,0,435.7258748
12924240,24.02959938,20.21511608,0,435.5559248
12924300,24.03030988,20.23100962,0,435.3874272
12924360,24.03101936,20.24675105,0,435.2201376
12924420,24.0317227,20.26234143,0,435.0542737
12924480,24.03242484,20.27778182,0,434.8895958
12924540,24.03312071,20.29307325,0,434.7263179
12924600,24.03381532,20.30821678,0,434.5642049
12924660,24.03450363,20.32321346,0,434.4034668
12924720,24.03518589,20.33806434,0,434.2439557
12924780,24.03586702,20.35277045,0,434.0855782
12924840,24.03654207,20.36733287,0,433.9285381
12924900,24.03721132,20.38175262,0,433.7726913
12924960,24.03787964,20.39603077,0,433.6179477
12925020,24.03854216,20.41016836,0,433.4645058
12925080,24.03919911,20.42416643,0,433.3122256
12925140,24.03985533,20.43802605,0,433.1610197
12925200,24.040506,20.45174825,0,433.0110817
12925260,24.04115131,20.46533409,0,432.8622753
12925320,24.0417914,20.47878462,0,432.7145903
12925380,24.04242645,20.49210087,0,432.5680165
12925440,24.04306123,20.50528392,0,432.4224699
12925500,24.04369103,20.51833479,0,432.2781356
12925560,24.04431597,20.53125455,0,432.1348837
12925620,24.04493616,20.54404423,0,431.9927051
12925680,24.04555174,20.5567049,0,431.8515901
12925740,24.04616284,20.56923759,0,431.711529
12925800,24.0467696,20.58164336,0,431.5725122
12925860,24.04737216,20.59392325,0,431.4345303
12925920,24.04797062,20.60607832,0,431.2975744
12925980,24.04856511,20.61810962,0,431.1616355
12926040,24.04915574,20.63001818,0,431.0267049
12926100,24.0497426,20.64180507,0,430.8927741
12926160,24.05032579,20.65347133,0,430.7598345
12926220,24.05090538,20.66501801,0,430.627878
12926280,24.05148146,20.67644615,0,430.4968962
12926340,24.05205409,20.68775682,0,430.3668811
12926400,24.05262335,20.69895105,0,430.2378248
12926460,24.05318928,20.7100299,0,430.1097193
12926520,24.05375194,20.72099441,0,429.9825568
12926580,24.05431139,20.73184563,0,429.8563297
12926640,24.05486766,20.74258462,0,429.7310302
12926700,24.05542082,20.75321241,0,429.6066508
12926760,24.05596614,20.76373007,0,429.4832639
12926820,24.05650886,20.77413864,0,429.3606698
12926880,24.05704885,20.78443916,0,429.2389621
12926940,24.05758619,20.79463269,0,429.1181427
12927000,24.05812092,20.80472028,0,428.9982047
12927060,24.05864839,20.81470297,0,428.8792176
12927120,24.05917366,20.82458182,0,428.7609905
12927180,24.05969666,20.83435787,0,428.6436137
12927240,24.06021743,20.84403217,0,428.5270891
12927300,24.06073134,20.85360577,0,428.4114843
12927360,24.06124338,20.86307972,0,428.2966147
12927420,24.06175345,20.87245507,0,428.1825678
12927480,24.06226161,20.88173287,0,428.0693459
12927540,24.06276325,20.89091416,0,427.9570143
12927600,24.06326322,20.9,0,427.8453947
12927660,24.06376132,20.90895558,0,427.7345717
12927720,24.06425259,20.91774646,0,427.6246173
12927780,24.06474176,20.92637421,0,427.5153575
12927840,24.06522379,20.93484042,0,427.4069437
12927900,24.06570358,20.94314668,0,427.2992124
12927960,24.06618084,20.95129457,0,427.1922454
12928020,24.06665075,20.95928567,0,427.0861121
12928080,24.06711828,20.96712157,0,426.9806457
12928140,24.06757848,20.97480385,0,426.8759918
12928200,24.06803636,20.98233409,0,426.7719936
12928260,24.06848701,20.98971388,0,426.6687947
12928320,24.06893543,20.9969448,0,426.5662409
12928380,24.0693814,21.00402843,0,426.46441
12928440,24.06982023,21.01096637,0,426.3633677
12928500,24.07025684,21.01776018,0,426.2629566
12928560,24.07068641,21.02441146,0,426.1633145
12928620,24.07110925,21.03092179,0,426.0643549
12928680,24.07153014,21.03729276,0,425.9660034
12928740,24.07194434,21.04352594,0,425.8684014
12928800,24.07235674,21.04962293,0,425.7714048
12928860,24.07276262,21.05558529,0,425.6751465
12928920,24.07316681,21.06141463,0,425.5794845
12928980,24.0735646,21.06711252,0,425.4845499
12929040,24.07396079,21.07268054,0,425.3902027
12929100,24.07435069,21.07812029,0,425.2965719
12929160,24.07473454,21.08343333,0,425.2035772
12929220,24.07511699,21.08862127,0,425.1111494
12929280,24.07549345,21.09368567,0,425.0194207
12929340,24.07586415,21.09862813,0,424.928313
12929400,24.07623368,21.10345023,0,424.8377588
12929460,24.07659754,21.10815354,0,424.7478875
12929520,24.07695589,21.11273967,0,424.6586228
12929580,24.0773133,21.11721018,0,424.5698991
12929640,24.0776653,21.12156667,0,424.4818427
12929700,24.07801201,21.12581071,0,424.3943792
12929760,24.07835798,21.12994389,0,424.3074447
12929820,24.07869876,21.1339678,0,424.2211626
12929880,24.07903447,21.13788401,0,424.1354602
12929940,24.07936958,21.14169412,0,424.050275
12930000,24.07969972,21.1453997,0,423.9657278
12930060,24.08002496,21.14900234,0,423.8817476
12930120,24.08034538,21.15250362,0,423.7983239
12930180,24.08066548,21.15590513,0,423.7154013
12930240,24.08098095,21.15920845,0,423.6330975
12930300,24.08129183,21.16241516,0,423.5513436
12930360,24.0815982,21.16552685,0,423.4701296
12930420,24.0819002,21.1685451,0,423.3894507
12930480,24.08220225,21.17147149,0,423.3092539
12930540,24.08250016,21.17430762,0,423.2296529
12930600,24.08279389,21.17705505,0,423.1505815
12930660,24.08308351,21.17971538,0,423.0720302
12930720,24.08336914,21.1822902,0,422.9939943
12930780,24.0836509,21.18478107,0,422.9164697
12930840,24.08393315,21.18718959,0,422.8394061
12930900,24.08421179,21.18951735,0,422.7629123
12930960,24.08448672,21.19176591,0,422.6869251
12931020,24.08475799,21.19393688,0,422.6114356
12931080,24.08502568,21.19603183,0,422.5364393
12931140,24.08528992,21.19805234,0,422.4619325
12931200,24.08555084,21.2,0,422.3879112
12931260,24.08580869,21.201906,0,422.3143717
12931320,24.0860638,21.20379777,0,422.2413103
12931380,24.08632051,21.20567124,0,422.1686804
12931440,24.08657518,21.20752234,0,422.096584
12931500,24.08682757,21.20934701,0,422.0249621
12931560,24.08707773,21.21114118,0,421.9538063
12931620,24.08732572,21.21290077,0,421.8831129
12931680,24.0875716,21.21462174,0,421.8128781
12931740,24.0878154,21.2163,0,421.7430986
12931800,24.08805713,21.21793149,0,421.6737708
12931860,24.08829681,21.21951215,0,421.6048915
12931920,24.08853441,21.22103791,0,421.5364572
12931980,24.08876993,21.2225047,0,421.4684649
12932040,24.08900331,21.22390845,0,421.4009112
12932100,24.08923452,21.2252451,0,421.3337931
12932160,24.0894635,21.22651058,0,421.2671074
12932220,24.08969102,21.22770082,0,421.2008511
12932280,24.08992642,21.22881176,0,421.1350211
12932340,24.09019054,21.22983934,0,421.0696145
12932400,24.09048829,21.23077947,0,421.0046283
12932460,24.0908168,21.2316281,0,420.9400595
12932520,24.0911736,21.23238117,0,420.8759052
12932580,24.0915566,21.23303459,0,420.8121627
12932640,24.09196402,21.23358431,0,420.7488289
12932700,24.09239429,21.23402626,0,420.6859011
12932760,24.09284607,21.23435638,0,420.6233765
12932820,24.09331817,21.23457059,0,420.5612523
12932880,24.09380672,21.23466483,0,420.4995195
12932940,24.09431241,21.23463503,0,420.4381724
12933000,24.09483558,21.23447712,0,420.3772111
12933060,24.09537585,21.23418705,0,420.3166374
12933120,24.09593268,21.23376074,0,420.2564492
12933180,24.09650556,21.23319412,0,420.1966442
12933240,24.09709404,21.23248313,0,420.1372198
12933300,24.09769773,21.2316237,0,420.0781738
12933360,24.09831626,21.23061176,0,420.0195036
12933420,24.09894636,21.22944326,0,419.9612004
12933480,24.09958957,21.22811411,0,419.9032599
12933540,24.10024672,21.22662026,0,419.845682
12933600,24.10091784,21.22495764,0,419.7884683
12933660,24.10160274,21.22312217,0,419.731617
12933720,24.1023012,21.2211098,0,419.675126
12933780,24.10301304,21.21891646,0,419.6189929
12933840,24.10373509,21.21653808,0,419.5632092
12933900,24.10446905,21.21397059,0,419.5077714
12933960,24.10521583,21.21120992,0,419.4526792
12934020,24.10597554,21.20825202,0,419.3979342
12934080,24.10674804,21.20509281,0,419.3435348
12934140,24.10753319,21.20172823,0,419.2894789
12934200,24.10832784,21.1981542,0,419.235758
12934260,24.10913372,21.19436667,0,419.1823693
12934320,24.10995175,21.19036156,0,419.1293124
12934380,24.11078205,21.18613481,0,419.0765889
12934440,24.11162151,21.18168235,0,419.0241912
12934500,24.11247182,21.17700012,0,418.9721162
12934560,24.11333391,21.17208405,0,418.9203638
12934620,24.11420786,21.16693007,0,418.8689356
12934680,24.11509351,21.16153411,0,418.8178303
12934740,24.11598771,21.15589211,0,418.7670394
12934800,24.1168922,21.15,0,418.7165615
12934860,24.11925547,21.14395436,1,418.8893284
12934920,24.12230209,21.13785465,1,419.1738807
12934980,24.12652545,21.13170111,1,419.6804341
12935040,24.13171757,21.12549399,1,420.4166208
12935100,24.13761235,21.11923354,1,421.3627054
12935160,24.14409388,21.11292,1,422.5264253
12935220,24.1510597,21.10655362,1,423.9131155
12935280,24.15839585,21.10013465,1,425.5079123
12935340,24.16604638,21.09366333,1,427.3157798
12935400,24.17396255,21.08713992,1,429.3350446
12935460,24.18211066,21.08056465,1,431.5644469
12935520,24.19046643,21.07393778,1,434.0029843
12935580,24.19901243,21.06725955,1,436.6476402
12935640,24.20773656,21.06053021,1,439.4948006
12935700,24.21663591,21.05375,1,442.5435978
12935760,24.22571268,21.04691918,1,445.7933877
12935820,24.23496591,21.04003798,1,449.2398214
12935880,24.24439637,21.03310667,1,452.8802187
12935940,24.25400537,21.02612547,1,456.7116982
12936000,24.2637917,21.01909465,1,460.7311844
12936060,24.27374959,21.01201444,1,464.9353993
12936120,24.28387039,21.0048851,1,469.3209574
12936180,24.29413365,20.99770687,1,473.884193
12936240,24.30450447,20.99048,1,478.6212262
12936300,24.31493765,20.98320473,1,483.5280781
12936360,24.32537451,20.97588132,1,488.6006101
12936420,24.33573446,20.96851,1,493.8342572
12936480,24.34596716,20.96109103,1,499.2245798
12936540,24.35606432,20.95362465,1,504.7668017
12936600,24.36602046,20.94611111,1,510.4560524
12936660,24.37583351,20.93855066,1,516.287359
12936720,24.38549699,20.93094354,1,522.2554614
12936780,24.39501193,20.92329,1,528.3552411
12936840,24.40438,20.91559029,1,534.5814422
12936900,24.4135971,20.90784465,1,540.9284783
12936960,24.42266492,20.90005333,1,547.390909
12937020,24.43158648,20.89221658,1,553.9632452
12937080,24.44034997,20.88433465,1,560.6392411
12937140,24.44893603,20.87640778,1,567.412179
12937200,24.45732819,20.86843621,1,574.275131
12937260,24.46551206,20.86042021,1,581.2209563
12937320,24.47348157,20.85236,1,588.2427396
12937380,24.48123532,20.84425584,1,595.3336371
12937440,24.4887736,20.83610798,1,602.4868071
12937500,24.4960979,20.82791667,1,609.6954141
12937560,24.50321054,20.81968214,1,616.9526336
12937620,24.51011908,20.81140465,1,624.2519913
12937680,24.51682874,20.80308444,1,631.5868721
12937740,24.52334266,20.79472177,1,638.9505953
12937800,24.52966866,20.78631687,1,646.3368832
12937860,24.5358165,20.77787,1,653.7396885
12937920,24.54179062,20.7693814,1,661.1526902
12937980,24.54759796,20.76085132,1,668.5699278
12938040,24.55324703,20.75228,1,675.9856798
12938100,24.55874593,20.7436677,1,683.3943745
12938160,24.56410736,20.73501465,1,690.7910666
12938220,24.56933506,20.72632111,1,698.1701793
12938280,24.57443852,20.71758733,1,705.5269714
12938340,24.57942539,20.70881354,1,712.8566403
12938400,24.58429679,20.7,1,720.1538908
12938460,24.5883769,20.69113744,1,727.3036389
12938520,24.59112212,20.68221802,1,734.1945828
12938580,24.59273865,20.67324417,1,740.8299784
12938640,24.59341038,20.66421827,1,747.2140572
12938700,24.59329236,20.65514275,1,753.3510785
12938760,24.59252175,20.64602,1,759.2462145
12938820,24.59121977,20.63685244,1,764.905271
12938880,24.58948625,20.62764247,1,770.3338399
12938940,24.5874101,20.6183925,1,775.5382793
12939000,24.58506577,20.60910494,1,780.5247982
12939060,24.58251336,20.59978219,1,785.2995563
12939120,24.5798038,20.59042667,1,789.8688828
12939180,24.57698532,20.58104077,1,794.2392539
12939240,24.57410051,20.57162691,1,798.4172592
12939300,24.57119057,20.5621875,1,802.4102974
12939360,24.5682779,20.55272494,1,806.223941
12939420,24.56538953,20.54324164,1,809.865257
12939480,24.56254638,20.53374,1,813.3405378
12939540,24.55976634,20.52422244,1,816.6564468
12939600,24.55705809,20.51469136,1,819.818254
12939660,24.55443564,20.50514917,1,822.8336912
12939720,24.55191459,20.49559827,1,825.7069086
12939780,24.54949587,20.48604108,1,828.4438897
12939840,24.54719202,20.47648,1,831.0511084
12939900,24.54500695,20.46691744,1,833.5334572
12939960,24.54294467,20.4573558,1,835.8962168
12940020,24.54100972,20.4477975,1,838.1450269
12940080,24.53921754,20.43824494,1,840.2841382
12940140,24.53755704,20.42870052,1,842.3193054
12940200,24.53604093,20.41916667,1,844.2549248
12940260,24.53468002,20.40964577,1,846.095087
12940320,24.53345576,20.40014025,1,847.8446236
12940380,24.53237045,20.3906525,1,849.5072813
12940440,24.53142595,20.38118494,1,851.0876748
12940500,24.53061436,20.37173997,1,852.5888405
12940560,24.52993225,20.36232,1,854.0149188
12940620,24.52937784,20.35292744,1,855.3695469
12940680,24.52894583,20.34356469,1,856.6560552
12940740,24.5286318,20.33423417,1,857.8776841
12940800,24.52843174,20.32493827,1,859.0375897
12940860,24.52834204,20.31567941,1,860.1388453
12940920,24.52835441,20.30646,1,861.1835723
12940980,24.52846829,20.29728244,1,862.1753023
12941040,24.52867986,20.28814914,1,863.1162335
12941100,24.52898356,20.2790625,1,864.008887
12941160,24.52937852,20.27002494,1,864.8559474
12941220,24.52985868,20.26103886,1,865.6591838
12941280,24.53041997,20.25210667,1,866.4208713
12941340,24.5310633,20.24323077,1,867.143502
12941400,24.53178277,20.23441358,1,867.8285982
12941460,24.53257404,20.2256575,1,868.4783482
12941520,24.53344314,20.21696494,1,869.0950799
12941580,24.53437997,20.2083383,1,869.6802334
12941640,24.53538085,20.19978,1,870.2349432
12941700,24.53644363,20.19129244,1,870.7609686
12941760,24.53756636,20.18287802,1,871.2595907
12941820,24.53874247,20.17453917,1,871.7316977
12941880,24.53997218,20.16627827,1,872.1790732
12941940,24.54125888,20.15809775,1,872.6036564
12942000,24.54259067,20.15,1,873.0063818
12942060,24.54424433,20.14194915,1,873.3881401
12942120,24.54640616,20.13390802,1,873.7497041
12942180,24.54912677,20.12587708,1,874.0885627
12942240,24.5520969,20.11785679,1,874.4145796
12942300,24.5554823,20.10984761,1,874.7193435
12942360,24.55905811,20.10185,1,875.0118488
12942420,24.56297595,20.09386443,1,875.2844072
12942480,24.56706233,20.08589136,1,875.545147
12942540,24.57133445,20.07793125,1,875.7921828
12942600,24.57576885,20.06998457,1,876.026035
12942660,24.58036377,20.06205177,1,876.2474109
12942720,24.58508943,20.05413333,1,876.457749
12942780,24.58991746,20.04622971,1,876.6569958
12942840,24.5948596,20.03834136,1,876.844964
12942900,24.5999119,20.03046875,1,877.0232513
12942960,24.60503913,20.02261235,1,877.1928072
12943020,24.61025783,20.01477261,1,877.3533274
12943080,24.61553735,20.00695,1,877.5056729
12943140,24.62089317,19.99914498,1,877.6496166
12943200,24.62631227,19.99135802,1,877.7862841
12943260,24.63178964,19.98358958,1,877.9159242
12943320,24.63732075,19.97584012,1,878.0387749
12943380,24.64290473,19.96811011,1,878.1550595
12943440,24.64855088,19.9604,1,878.2649872
12943500,24.65428986,19.95271026,1,878.3692733
12943560,24.66010268,19.94504136,1,878.4682643
12943620,24.66601953,19.93739375,1,878.5620758
12943680,24.67201252,19.9297679,1,878.6509098
12943740,24.67810167,19.92216427,1,878.7349365
12943800,24.68426849,19.91458333,1,878.8148972
12943860,24.69050087,19.90702554,1,878.8909584
12943920,24.69677389,19.89949136,1,878.9626004
12943980,24.70308331,19.89198125,1,879.0300738
12944040,24.70940888,19.88449568,1,879.0940166
12944100,24.7157326,19.87703511,1,879.1545634
12944160,24.72203669,19.8696,1,879.2118304
12944220,24.72831484,19.86219082,1,879.2670136
12944280,24.73453879,19.85480802,1,879.3192291
12944340,24.74069883,19.84745208,1,879.3685074
12944400,24.74678454,19.84012346,1,879.4149222
12944460,24.75280016,19.83282261,1,879.4596146
12944520,24.75871979,19.82555,1,879.5017178
12944580,24.76454676,19.8183061,1,879.5412153
12944640,24.77029355,19.81109136,1,879.5792077
12944700,24.77594147,19.80390625,1,879.6148452
12944760,24.78151187,19.79675123,1,879.6491207
12944820,24.78699053,19.78962677,1,879.6811861
12944880,24.79239919,19.78253333,1,879.712006
12944940,24.79772715,19.77547137,1,879.7407405
12945000,24.80299502,19.76844136,1,879.7683301
12945060,24.80819482,19.76144375,1,879.7939438
12945120,24.81334518,19.75447901,1,879.8185016
12945180,24.81844957,19.74754761,1,879.8422151
12945240,24.8235032,19.74065,1,879.8640993
12945300,24.82852232,19.73378665,1,879.8850565
12945360,24.83351102,19.72695802,1,879.9052954
12945420,24.83846562,19.72016458,1,879.9238361
12945480,24.84338798,19.71340679,1,879.9415519
12945540,24.84829464,19.70668511,1,879.9586506
12945600,24.85318421,19.7,1,879.9751648
12945660,24.85696555,19.69333333,1,879.9901365
12945720,24.85989557,19.68666667,1,880.0044033
12945780,24.86209396,19.68,1,880.0181585
12945840,24.8639298,19.67333333,1,880.0316348
12945900,24.86495968,19.66666667,1,880.0434739
12945960,24.86563582,19.66,1,880.0546971
12946020,24.86600379,19.65333333,1,880.0655012
12946080,24.86619955,19.64666667,1,880.0760583
12946140,24.86616143,19.64,1,880.0862566
12946200,24.86590759,19.63333333,1,880.0960887
12946260,24.86543692,19.62666667,1,880.1054881
12946320,24.86482493,19.62,1,880.1136199
12946380,24.86411136,19.61333333,1,880.1212607
12946440,24.86330495,19.60666667,1,880.1286066
12946500,24.86244339,19.6,1,880.1357797
12946560,24.86147252,19.59333333,1,880.1426011
12946620,24.86045699,19.58666667,1,880.1492764
12946680,24.85935049,19.58,1,880.1556505
12946740,24.85818683,19.57333333,1,880.1618249
12946800,24.85698963,19.56666667,1,880.1678793
12946860,24.85571359,19.56,1,880.1727131
12946920,24.85439426,19.55333333,1,880.1771509
12946980,24.85303423,19.54666667,1,880.1813902
12947040,24.85163406,19.54,1,880.1854538
12947100,24.8502094,19.53333333,1,880.1894153
12947160,24.8487329,19.52666667,1,880.1931707
12947220,24.84722066,19.52,1,880.1967948
12947280,24.84568626,19.51333333,1,880.2003413
12947340,24.84410453,19.50666667,1,880.2037273
12947400,24.8424897,19.5,1,880.2070071
12947460,24.84084235,19.49333333,1,880.2101863
12947520,24.83916302,19.48666667,1,880.21327
12947580,24.83745211,19.48,1,880.2162624
12947640,24.83572127,19.47333333,1,880.2191996
12947700,24.83394746,19.46666667,1,880.2220194
12947760,24.83214308,19.46,1,880.2247584
12947820,24.83030828,19.45333333,1,880.2274195
12947880,24.82845403,19.44666667,1,880.2300332
12947940,24.82655773,19.44,1,880.2325453
12948000,24.82463125,19.43333333,1,880.2349869
12948060,24.82266578,19.42666667,1,880.2364024
12948120,24.82067074,19.42,1,880.2375187
12948180,24.81864681,19.41333333,1,880.2385328
12948240,24.81660338,19.40666667,1,880.2394947
12948300,24.81451775,19.4,1,880.2403569
12948360,24.81241232,19.39333333,1,880.2411826
12948420,24.81026373,19.38666667,1,880.2419392
12948480,24.80808357,19.38,1,880.2426563
12948540,24.80588268,19.37333333,1,880.2433512
12948600,24.80363646,19.36666667,1,880.2440024
12948660,24.80135699,19.36,1,880.2446271
12948720,24.79904352,19.35333333,1,880.2452279
12948780,24.79669527,19.34666667,1,880.2458069
12948840,24.79431146,19.34,1,880.246366
12948900,24.79190409,19.33333333,1,880.2469133
12948960,24.7894464,19.32666667,1,880.247436
12949020,24.78695331,19.32,1,880.2479426
12949080,24.78442348,19.31333333,1,880.2484337
12949140,24.78185562,19.30666667,1,880.2489102
12949200,24.77924848,19.3,1,880.2493727
12949260,24.77643672,19.29334699,1,880.2498217
12949320,24.77350636,19.28672037,1,880.2502627
12949380,24.77033919,19.28011875,1,880.2506863
12949440,24.76702319,19.27354074,1,880.2510979
12949500,24.76361768,19.26698495,1,880.2515022
12949560,24.76002936,19.26045,1,880.2518909
12949620,24.75636271,19.25393449,1,880.2522727
12949680,24.75253383,19.24743704,1,880.2526399
12949740,24.74863419,19.24095625,1,880.2530006
12949800,24.7445868,19.23449074,1,880.2533475
12949860,24.7404393,19.22803912,1,880.2536848
12949920,24.73623012,19.2216,1,880.2540162
12949980,24.73189292,19.21517199,1,880.254335
12950040,24.7274716,19.2087537,1,880.2546449
12950100,24.72297329,19.20234375,1,880.2549462
12950160,24.71840664,19.19594074,1,880.2552392
12950220,24.71380297,19.18954329,1,880.2555271
12950280,24.70913042,19.18315,1,880.255804
12950340,24.70443756,19.17675949,1,880.2560761
12950400,24.69971536,19.17037037,1,880.2563378
12950460,24.69499318,19.16398125,1,880.2565921
